Time,airheatouttemp,filterAdiffpress,filterBdiffpress,millgearamps,millinletpress,milloutlettemp,systemfanamps
6/23/2023 4:15:00.000 AM,885.00,42.14,34.47,128.21,-4.72,3005.00,111.58
6/23/2023 4:15:01.116 AM,,,,148.69,,,112.27
6/23/2023 4:15:11.273 AM,,,,,,3003.00,
6/23/2023 4:15:17.179 AM,,,,,,3010.00,
6/23/2023 4:15:25.976 AM,887.00,,,,,,
6/23/2023 4:15:27.116 AM,,42.66,35.39,,,,111.04
6/23/2023 4:15:37.101 AM,,,,,-2.67,,
6/23/2023 4:15:41.460 AM,,42.29,35.00,132.81,-4.36,3006.00,111.78
6/23/2023 4:15:45.835 AM,888.00,,,,,,
6/23/2023 4:15:47.101 AM,,41.96,34.94,140.81,-4.11,3003.00,111.72
6/23/2023 4:15:51.476 AM,,,34.77,,,3012.00,
6/23/2023 4:15:57.351 AM,,,,127.37,-2.84,,111.31
6/23/2023 4:16:06.226 AM,889.00,,,,,,
6/23/2023 4:16:07.491 AM,,,,,-4.97,,112.44
6/23/2023 4:16:11.788 AM,,43.31,,,,,
6/23/2023 4:16:22.101 AM,,42.62,35.48,134.53,-4.36,2998.00,111.40
6/23/2023 4:16:27.601 AM,,42.38,35.36,137.53,-4.43,3007.00,111.45
6/23/2023 4:16:31.804 AM,,42.81,,,,,112.81
6/23/2023 4:16:37.601 AM,,,35.91,,,,
6/23/2023 4:16:41.819 AM,,41.90,,125.25,,,
6/23/2023 4:16:46.319 AM,890.00,,,,,,
6/23/2023 4:16:47.507 AM,,,,,,3012.00,
6/23/2023 4:16:57.257 AM,,,,140.09,,,
6/23/2023 4:17:01.726 AM,,,35.15,,,3002.00,
6/23/2023 4:17:07.288 AM,,42.77,35.31,134.57,-3.49,3005.00,111.12
6/23/2023 4:17:10.710 AM,891.00,,,,,,
6/23/2023 4:17:11.788 AM,,42.81,,139.97,-4.18,3011.00,112.87
6/23/2023 4:17:17.523 AM,,,34.91,,,,
6/23/2023 4:17:20.773 AM,890.00,,,,,,
6/23/2023 4:17:21.960 AM,,43.01,35.39,,,,110.52
6/23/2023 4:17:26.491 AM,891.00,,,,,,
6/23/2023 4:17:27.663 AM,,,,,,3007.00,
6/23/2023 4:17:32.273 AM,,,,125.05,,,
6/23/2023 4:17:37.929 AM,,41.70,,,-2.57,,
6/23/2023 4:17:42.335 AM,,,34.46,,,3019.00,
6/23/2023 4:17:48.096 AM,,42.09,34.76,128.65,-4.69,3013.00,111.94
6/23/2023 4:17:52.689 AM,,42.27,34.37,121.01,-4.53,3014.00,111.24
6/23/2023 4:18:01.643 AM,892.00,,,,,,
6/23/2023 4:18:02.658 AM,,,34.20,,,,
6/23/2023 4:18:07.221 AM,891.00,,,,,,
6/23/2023 4:18:08.564 AM,,43.28,,,-4.73,,
6/23/2023 4:18:13.002 AM,,,,138.97,,,
6/23/2023 4:18:18.846 AM,,,,,,3021.00,
6/23/2023 4:18:27.252 AM,892.00,,,,,,
6/23/2023 4:18:28.580 AM,,,34.94,,,,112.87
6/23/2023 4:18:33.096 AM,,43.13,34.52,136.85,-3.95,,111.70
6/23/2023 4:18:37.596 AM,893.00,,,,,,
6/23/2023 4:18:38.893 AM,,43.50,34.58,138.05,-4.25,3018.00,112.57
6/23/2023 4:18:47.986 AM,892.00,,,,,,
6/23/2023 4:18:49.268 AM,,42.45,,,,3023.00,
6/23/2023 4:18:53.486 AM,,,,134.21,,,
6/23/2023 4:18:59.361 AM,,,34.46,,-4.80,,110.14
6/23/2023 4:19:09.205 AM,,,,,,,112.78
6/23/2023 4:19:13.502 AM,,43.82,34.98,151.50,-3.50,3022.00,111.73
6/23/2023 4:19:19.268 AM,,43.08,35.07,130.85,-3.84,3020.00,111.61
6/23/2023 4:19:22.752 AM,893.00,,,,,,
6/23/2023 4:19:23.799 AM,,,,,,,111.19
6/23/2023 4:19:29.518 AM,,,,142.69,,,
6/23/2023 4:19:33.971 AM,,,35.49,126.25,-6.32,,
6/23/2023 4:19:44.080 AM,,42.26,,,,,
6/23/2023 4:19:49.689 AM,,43.25,,,,3030.00,
6/23/2023 4:19:53.986 AM,,,34.62,,,,112.57
6/23/2023 4:19:58.627 AM,891.00,,,,,,
6/23/2023 4:19:59.893 AM,,42.84,34.85,130.13,-4.03,3024.00,111.45
6/23/2023 4:20:04.268 AM,,42.99,34.70,129.25,-4.01,,110.22
6/23/2023 4:20:10.002 AM,,,,,,3029.00,
6/23/2023 4:20:13.518 AM,892.00,,,,,,
6/23/2023 4:20:14.518 AM,,,,,,3030.00,
6/23/2023 4:20:24.611 AM,,43.46,35.09,,-4.93,3024.00,111.70
6/23/2023 4:20:30.268 AM,,,,127.37,,,
6/23/2023 4:20:33.783 AM,890.00,,,,,,
6/23/2023 4:20:34.783 AM,,,,,-3.94,,
6/23/2023 4:20:40.393 AM,,42.11,34.29,149.69,-4.41,3025.00,111.25
6/23/2023 4:20:44.736 AM,,42.23,,144.61,-3.61,3027.00,111.61
6/23/2023 4:20:49.299 AM,889.00,,,,,,
6/23/2023 4:20:50.564 AM,,,34.20,,-4.84,,
6/23/2023 4:20:54.924 AM,,42.00,,,,,112.57
6/23/2023 4:21:10.611 AM,,,,123.17,-1.97,,110.61
6/23/2023 4:21:14.877 AM,,43.19,,,,,
6/23/2023 4:21:20.658 AM,,,,,,3040.00,
6/23/2023 4:21:23.971 AM,886.00,,,,,,
6/23/2023 4:21:24.971 AM,,42.71,34.74,129.65,-4.67,3036.00,111.42
6/23/2023 4:21:29.471 AM,887.00,,,,,,
6/23/2023 4:21:30.689 AM,,43.02,34.89,120.61,-4.03,3040.00,111.36
6/23/2023 4:21:40.861 AM,,,34.97,,-4.97,3032.00,111.88
6/23/2023 4:21:50.893 AM,,42.83,34.25,134.53,-2.55,3046.00,
6/23/2023 4:22:01.221 AM,,,,,,,110.29
6/23/2023 4:22:05.439 AM,,43.58,34.62,126.93,-4.46,,111.49
6/23/2023 4:22:09.877 AM,884.00,,,,,,
6/23/2023 4:22:11.221 AM,,44.07,34.86,133.33,-5.24,3039.00,111.34
6/23/2023 4:22:14.658 AM,883.00,,,,,,
6/23/2023 4:22:15.705 AM,,44.24,,,,,
6/23/2023 4:22:21.439 AM,,,,,,3045.00,110.25
6/23/2023 4:22:25.908 AM,,,,,,,111.63
6/23/2023 4:22:31.736 AM,,,,,-3.12,,
6/23/2023 4:22:41.564 AM,,43.08,,,,,
6/23/2023 4:22:44.893 AM,882.00,,,,,,
6/23/2023 4:22:45.893 AM,,,,140.85,,,
6/23/2023 4:22:51.330 AM,,43.52,35.67,124.53,-4.35,3039.00,111.07
6/23/2023 4:22:55.674 AM,,42.59,35.22,131.89,-4.61,3041.00,111.49
6/23/2023 4:23:00.111 AM,883.00,,,,,,
6/23/2023 4:23:01.377 AM,,,,147.85,,3043.00,
6/23/2023 4:23:05.564 AM,,43.35,,,-3.65,,
6/23/2023 4:23:11.189 AM,,,,129.05,,,109.83
6/23/2023 4:23:20.908 AM,,,,,,3036.00,
6/23/2023 4:23:30.752 AM,,,35.76,,,,112.63
6/23/2023 4:23:34.018 AM,880.00,,,,,,
6/23/2023 4:23:35.096 AM,,42.83,35.43,133.29,-3.77,3043.00,111.42
6/23/2023 4:23:39.486 AM,881.00,,,,,,
6/23/2023 4:23:40.752 AM,,42.54,35.28,127.37,-4.01,3042.00,110.71
6/23/2023 4:23:45.127 AM,,41.88,,,-3.49,,
6/23/2023 4:23:49.518 AM,880.00,,,,,,
6/23/2023 4:23:50.643 AM,,,34.91,159.46,,,
6/23/2023 4:24:00.830 AM,,,35.75,,,,
6/23/2023 4:24:05.143 AM,,,,,-4.96,,111.64
6/23/2023 4:24:10.768 AM,,,,125.57,,3030.00,109.00
6/23/2023 4:24:15.158 AM,,43.05,35.48,142.09,-4.21,3042.00,111.21
6/23/2023 4:24:20.924 AM,,42.62,35.36,135.13,-3.75,3029.00,110.05
6/23/2023 4:24:25.049 AM,,,,,-3.43,,
6/23/2023 4:24:30.908 AM,,,,146.49,,,
6/23/2023 4:24:35.393 AM,,42.77,35.90,,,3034.00,
6/23/2023 4:24:39.861 AM,879.00,,,,,,
6/23/2023 4:24:41.096 AM,,,,,-4.72,,111.52
6/23/2023 4:24:44.330 AM,880.00,,,,,,
6/23/2023 4:24:50.908 AM,,,,132.25,,3025.00,109.09
6/23/2023 4:24:59.861 AM,879.00,,,,,,
6/23/2023 4:25:01.080 AM,,41.96,35.81,137.61,-3.70,3027.00,111.39
6/23/2023 4:25:05.502 AM,,42.72,36.09,136.29,-4.30,3023.00,111.43
6/23/2023 4:25:11.314 AM,,,,,,3024.00,
6/23/2023 4:25:15.611 AM,,43.31,,145.85,-5.30,3020.00,110.37
6/23/2023 4:25:30.346 AM,878.00,,,,,,
6/23/2023 4:25:35.127 AM,879.00,,,,,,
6/23/2023 4:25:36.049 AM,,42.32,,130.61,,,
6/23/2023 4:25:41.846 AM,,,36.96,139.01,-3.17,3022.00,111.18
6/23/2023 4:25:46.314 AM,,42.42,37.59,136.65,-3.88,3016.00,111.54
6/23/2023 4:25:52.002 AM,,,,,,3014.00,
6/23/2023 4:25:56.424 AM,,41.61,36.95,,,,
6/23/2023 4:26:02.111 AM,,,,152.22,,,110.11
6/23/2023 4:26:06.377 AM,,,,,,3021.00,
6/23/2023 4:26:12.033 AM,,,,129.81,,,
6/23/2023 4:26:16.361 AM,,,,,,,112.95
6/23/2023 4:26:22.299 AM,,42.44,,,-4.74,,
6/23/2023 4:26:26.814 AM,,42.06,37.17,150.70,-3.78,3018.00,111.48
6/23/2023 4:26:32.502 AM,,41.90,37.31,140.17,-3.17,3017.00,112.86
6/23/2023 4:26:41.252 AM,878.00,,,,,,
6/23/2023 4:26:42.439 AM,,,37.77,145.81,-4.73,3022.00,111.31
6/23/2023 4:26:45.768 AM,879.00,,,,,,
6/23/2023 4:26:46.674 AM,,,,,,3012.00,
6/23/2023 4:26:52.471 AM,,40.74,,,,,
6/23/2023 4:26:56.799 AM,,,,138.05,,3016.00,
6/23/2023 4:27:06.596 AM,,41.24,36.63,139.53,-4.24,,111.33
6/23/2023 4:27:12.111 AM,,41.72,36.86,146.25,-3.62,,111.21
6/23/2023 4:27:15.627 AM,878.00,,,,,,
6/23/2023 4:27:16.564 AM,,,,,-3.40,3025.00,
6/23/2023 4:27:21.018 AM,877.00,,,,,,
6/23/2023 4:27:22.283 AM,,,,,-4.49,3011.00,110.19
6/23/2023 4:27:26.580 AM,,41.79,,,,,
6/23/2023 4:27:36.689 AM,,,37.31,133.05,,,
6/23/2023 4:27:46.721 AM,,,,,,,111.69
6/23/2023 4:27:52.455 AM,,41.46,36.92,141.05,-4.09,3015.00,111.18
6/23/2023 4:27:56.877 AM,,40.92,36.63,,-3.63,,110.37
6/23/2023 4:28:02.518 AM,,,36.54,139.09,,3017.00,
6/23/2023 4:28:12.783 AM,,,,,,3009.00,
6/23/2023 4:28:17.236 AM,,,37.23,,-3.20,,112.41
6/23/2023 4:28:22.908 AM,,42.44,,,,,
6/23/2023 4:28:26.268 AM,876.00,,,,,,
6/23/2023 4:28:27.299 AM,,,,157.38,-4.37,,
6/23/2023 4:28:31.611 AM,878.00,,,,,,
6/23/2023 4:28:32.861 AM,,41.63,37.14,129.33,-3.79,3010.00,110.34
6/23/2023 4:28:36.268 AM,877.00,,,,,,
6/23/2023 4:28:37.252 AM,,41.72,37.05,140.01,-4.67,3013.00,111.69
6/23/2023 4:28:43.033 AM,,41.85,37.70,,,,110.65
6/23/2023 4:28:47.611 AM,,,,,-4.74,,
6/23/2023 4:28:53.471 AM,,41.07,,,,,112.98
6/23/2023 4:28:57.986 AM,,,,147.49,,,
6/23/2023 4:29:02.439 AM,878.00,,,,,,
6/23/2023 4:29:08.111 AM,,,,,,3009.00,
6/23/2023 4:29:12.408 AM,877.00,,,,,,
6/23/2023 4:29:13.689 AM,,,,,-3.30,3017.00,
6/23/2023 4:29:18.064 AM,,41.48,37.49,132.25,-4.19,3011.00,111.40
6/23/2023 4:29:23.752 AM,,41.66,37.28,135.17,-3.63,3005.00,111.81
6/23/2023 4:29:27.002 AM,878.00,,,,,,
6/23/2023 4:29:28.002 AM,,,,,-2.92,,
6/23/2023 4:29:32.471 AM,877.00,,,,,,
6/23/2023 4:29:38.111 AM,,,37.59,,,,110.11
6/23/2023 4:29:43.627 AM,,,,,,,112.66
6/23/2023 4:29:48.018 AM,,40.46,36.66,148.93,,,
6/23/2023 4:29:52.611 AM,878.00,,,,,,
6/23/2023 4:29:53.830 AM,,,,128.81,-4.76,3016.00,
6/23/2023 4:29:58.283 AM,,40.52,36.77,146.53,-3.92,3011.00,111.57
6/23/2023 4:30:03.861 AM,,40.67,36.54,151.62,-3.78,,111.33
6/23/2023 4:30:07.096 AM,877.00,,,,,,
6/23/2023 4:30:08.252 AM,,,,,,3006.00,
6/23/2023 4:30:12.799 AM,878.00,,,,,,
6/23/2023 4:30:18.439 AM,,,36.48,,,3013.00,111.79
6/23/2023 4:30:24.252 AM,,,,,,,110.14
6/23/2023 4:30:28.689 AM,,41.61,,,-2.77,,
6/23/2023 4:30:34.439 AM,,,36.95,131.69,,,
6/23/2023 4:30:38.893 AM,,,36.75,,-5.83,,
6/23/2023 4:30:44.564 AM,,41.36,,140.65,-4.97,3008.00,111.00
6/23/2023 4:30:47.939 AM,879.00,,,,,,
6/23/2023 4:30:49.033 AM,,41.90,37.44,136.01,,3013.00,111.36
6/23/2023 4:30:53.627 AM,878.00,,,,,,
6/23/2023 4:30:54.846 AM,,,,,-4.34,,
6/23/2023 4:30:59.096 AM,,41.00,36.53,,,,
6/23/2023 4:31:04.768 AM,,,,,-3.23,3005.00,112.80
6/23/2023 4:31:14.736 AM,,,,152.82,-4.65,,110.44
6/23/2023 4:31:24.939 AM,,42.24,37.13,135.65,-3.59,3007.00,111.36
6/23/2023 4:31:28.236 AM,879.00,,,,,,
6/23/2023 4:31:29.314 AM,,41.70,36.96,141.41,-3.28,3016.00,111.48
6/23/2023 4:31:33.658 AM,878.00,,,,,,
6/23/2023 4:31:39.221 AM,,41.96,36.81,,,,
6/23/2023 4:31:45.018 AM,,,,,-4.82,3007.00,
6/23/2023 4:31:48.252 AM,877.00,,,,,,
6/23/2023 4:31:49.408 AM,,,,158.10,,,112.53
6/23/2023 4:31:53.768 AM,878.00,,,,,,
6/23/2023 4:31:59.330 AM,,,37.50,,,,110.67
6/23/2023 4:32:05.018 AM,,40.94,,,,,
6/23/2023 4:32:09.486 AM,,41.33,37.05,132.81,-3.44,3016.00,111.61
6/23/2023 4:32:15.377 AM,,41.43,37.26,134.09,-3.50,3010.00,111.06
6/23/2023 4:32:19.861 AM,,,37.32,127.45,,3011.00,
6/23/2023 4:32:25.533 AM,,,,,,3006.00,
6/23/2023 4:32:28.689 AM,877.00,,,,,,
6/23/2023 4:32:29.799 AM,,,,,,,112.65
6/23/2023 4:32:35.439 AM,,42.09,,,-5.06,,109.84
6/23/2023 4:32:38.830 AM,878.00,,,,,,
6/23/2023 4:32:39.877 AM,,,,164.78,,,
6/23/2023 4:32:45.621 AM,,40.62,,,-3.41,,
6/23/2023 4:32:48.886 AM,877.00,,,,,,
6/23/2023 4:32:49.902 AM,,41.18,36.44,147.25,-5.03,3008.00,111.72
6/23/2023 4:32:55.558 AM,,40.79,36.65,138.85,-4.25,,111.25
6/23/2023 4:32:59.933 AM,,40.22,36.45,158.14,,3014.00,113.08
6/23/2023 4:33:04.417 AM,878.00,,,,,,
6/23/2023 4:33:05.574 AM,,,,,-4.88,3008.00,
6/23/2023 4:33:08.902 AM,877.00,,,,,,
6/23/2023 4:33:15.636 AM,,,,,-3.63,,111.09
6/23/2023 4:33:30.042 AM,,41.58,,,,,
6/23/2023 4:33:35.714 AM,,41.19,37.01,126.09,-4.12,3012.00,111.33
6/23/2023 4:33:39.964 AM,,41.13,36.77,142.61,-4.37,,111.69
6/23/2023 4:33:45.714 AM,,,,,,3010.00,111.81
6/23/2023 4:33:49.902 AM,,,,152.98,,,
6/23/2023 4:33:55.480 AM,,,36.39,,-2.27,3006.00,
6/23/2023 4:34:05.589 AM,,41.00,,,,3014.00,
6/23/2023 4:34:09.917 AM,,,,,-4.75,,
6/23/2023 4:34:15.636 AM,,,,,,,109.84
6/23/2023 4:34:20.011 AM,,41.87,37.26,131.89,-2.76,3009.00,111.25
6/23/2023 4:34:25.636 AM,,41.93,37.55,135.45,-4.63,3011.00,112.11
6/23/2023 4:34:29.917 AM,,,37.10,136.41,,,
6/23/2023 4:34:40.121 AM,,,,127.09,-4.82,,
6/23/2023 4:34:46.011 AM,,,,,,3006.00,112.72
6/23/2023 4:34:50.277 AM,,41.10,,,,,
6/23/2023 4:34:56.027 AM,,,37.56,,,,111.00
6/23/2023 4:35:00.386 AM,,41.22,37.55,132.97,-3.71,3016.00,111.36
6/23/2023 4:35:06.167 AM,,40.58,37.11,136.41,-4.10,3015.00,111.34
6/23/2023 4:35:10.371 AM,,,,,,,111.25
6/23/2023 4:35:16.074 AM,,41.54,38.09,,-2.74,,
6/23/2023 4:35:20.480 AM,,,,129.33,,3006.00,
6/23/2023 4:35:24.855 AM,876.00,,,,,,
6/23/2023 4:35:29.371 AM,877.00,,,,,,
6/23/2023 4:35:36.308 AM,,,,149.73,-4.84,,
6/23/2023 4:35:45.121 AM,876.00,,,,,,
6/23/2023 4:35:46.355 AM,,41.03,36.78,146.85,-3.45,3020.00,112.75
6/23/2023 4:35:50.917 AM,,40.83,37.22,145.73,-4.32,3023.00,110.95
6/23/2023 4:35:56.777 AM,,,,134.77,,3016.00,
6/23/2023 4:36:01.308 AM,,39.83,36.36,,-4.84,,
6/23/2023 4:36:17.417 AM,,,,,,3024.00,
6/23/2023 4:36:21.730 AM,,,,,-3.83,,112.66
6/23/2023 4:36:27.480 AM,,41.45,36.84,143.93,-4.69,3018.00,111.48
6/23/2023 4:36:31.730 AM,,40.95,36.57,137.69,-4.53,3021.00,113.14
6/23/2023 4:36:42.121 AM,,,,130.25,,3015.00,
6/23/2023 4:36:47.808 AM,,,36.68,,,,
6/23/2023 4:36:52.246 AM,,,,140.73,-2.68,,
6/23/2023 4:36:57.808 AM,,40.25,,,,,
6/23/2023 4:37:02.042 AM,,,,,-4.56,3024.00,111.03
6/23/2023 4:37:06.527 AM,877.00,,,,,,
6/23/2023 4:37:11.136 AM,876.00,,,,,,
6/23/2023 4:37:12.027 AM,,40.71,35.66,135.17,-3.92,3016.00,111.81
6/23/2023 4:37:17.589 AM,,40.74,36.08,138.69,-4.36,3014.00,111.40
6/23/2023 4:37:22.042 AM,,,,139.57,,,
6/23/2023 4:37:27.449 AM,,41.21,,,-4.53,3020.00,
6/23/2023 4:37:41.714 AM,,,,,-3.43,,
6/23/2023 4:37:47.324 AM,,40.52,,,,,110.08
6/23/2023 4:37:51.574 AM,,40.92,36.77,131.49,-4.52,3017.00,111.64
6/23/2023 4:37:57.199 AM,,40.53,36.86,134.33,-3.79,3020.00,111.54
6/23/2023 4:38:01.542 AM,,,,145.65,-3.69,,
6/23/2023 4:38:07.417 AM,,39.84,,,,,
6/23/2023 4:38:11.683 AM,,,,,,3025.00,
6/23/2023 4:38:26.105 AM,877.00,,,,,,
6/23/2023 4:38:27.230 AM,,40.88,,131.25,,,
6/23/2023 4:38:30.714 AM,876.00,,,,,,
6/23/2023 4:38:31.542 AM,,,36.09,,-4.87,3016.00,111.81
6/23/2023 4:38:37.339 AM,,40.34,36.18,140.05,-4.27,3018.00,110.14
6/23/2023 4:38:41.777 AM,,40.47,36.35,144.29,-3.78,3015.00,111.45
6/23/2023 4:38:47.324 AM,,,36.68,,-3.49,3021.00,
6/23/2023 4:38:50.605 AM,877.00,,,,,,
6/23/2023 4:38:51.652 AM,,,,,,,111.85
6/23/2023 4:38:57.121 AM,,39.05,35.85,147.37,,,110.29
6/23/2023 4:39:00.480 AM,876.00,,,,,,
6/23/2023 4:39:05.917 AM,877.00,,,,,,
6/23/2023 4:39:17.214 AM,,,,130.89,-4.79,,
6/23/2023 4:39:21.542 AM,,39.89,36.26,144.65,-4.49,,110.62
6/23/2023 4:39:27.027 AM,,40.01,36.09,145.93,-3.83,,111.54
6/23/2023 4:39:31.480 AM,,,,,-3.73,3018.00,
6/23/2023 4:39:41.371 AM,,39.23,,,,,110.25
6/23/2023 4:39:45.808 AM,878.00,,,,,,
6/23/2023 4:39:51.355 AM,,,,,,3016.00,111.81
6/23/2023 4:39:55.933 AM,877.00,,,,,,
6/23/2023 4:39:57.183 AM,,40.26,37.19,126.77,,3024.00,
6/23/2023 4:40:00.652 AM,878.00,,,,,,
6/23/2023 4:40:01.542 AM,,40.04,36.57,139.09,-4.97,3020.00,111.69
6/23/2023 4:40:05.855 AM,877.00,,,,,,
6/23/2023 4:40:06.996 AM,,39.78,36.63,139.65,-4.90,3021.00,111.57
6/23/2023 4:40:10.324 AM,878.00,,,,,,
6/23/2023 4:40:11.339 AM,,,,,,,110.13
6/23/2023 4:40:26.792 AM,,41.10,,,,,
6/23/2023 4:40:31.277 AM,,,,124.77,,,
6/23/2023 4:40:37.011 AM,,,,,,3026.00,
6/23/2023 4:40:40.324 AM,877.00,,,,,,
6/23/2023 4:40:41.324 AM,,,,,-3.76,,
6/23/2023 4:40:46.996 AM,,40.74,37.37,129.41,-3.78,3020.00,112.69
6/23/2023 4:40:51.574 AM,,40.58,37.50,133.33,-4.57,3023.00,111.72
6/23/2023 4:40:57.074 AM,,,,,-3.91,3020.00,
6/23/2023 4:41:00.402 AM,878.00,,,,,,
6/23/2023 4:41:01.480 AM,,40.79,,,,,112.77
6/23/2023 4:41:05.996 AM,877.00,,,,,,
6/23/2023 4:41:07.230 AM,,,,,,,111.19
6/23/2023 4:41:11.511 AM,,39.75,37.26,,-4.66,,
6/23/2023 4:41:17.230 AM,,,,126.17,,,
6/23/2023 4:41:21.449 AM,,,37.89,,,,
6/23/2023 4:41:27.089 AM,,40.47,37.65,144.89,-4.33,3025.00,111.43
6/23/2023 4:41:30.589 AM,878.00,,,,,,
6/23/2023 4:41:31.496 AM,,,37.35,134.53,-3.95,3028.00,111.54
6/23/2023 4:41:37.246 AM,,40.62,,,-4.49,3023.00,
6/23/2023 4:41:46.292 AM,877.00,,,,,,
6/23/2023 4:41:47.464 AM,,,37.59,,,,
6/23/2023 4:41:57.292 AM,,,,159.06,-3.72,,112.59
6/23/2023 4:42:01.855 AM,,,,125.37,,,111.33
6/23/2023 4:42:07.464 AM,,39.09,36.72,,,,
6/23/2023 4:42:11.839 AM,,39.80,36.87,137.97,-4.37,3030.00,111.45
6/23/2023 4:42:17.449 AM,,,37.05,135.25,-3.26,3024.00,111.81
6/23/2023 4:42:20.855 AM,876.00,,,,,,
6/23/2023 4:42:21.886 AM,,39.78,36.86,,,,
6/23/2023 4:42:26.199 AM,877.00,,,,,,
6/23/2023 4:42:27.261 AM,,,,,,3020.00,112.80
6/23/2023 4:42:31.542 AM,,40.32,,126.49,,,
6/23/2023 4:42:37.292 AM,,,,140.77,,,
6/23/2023 4:42:47.355 AM,,,,,,3029.00,111.43
6/23/2023 4:42:51.636 AM,,40.31,37.23,137.97,-4.52,3021.00,111.81
6/23/2023 4:42:57.230 AM,,40.08,37.13,165.30,-4.30,3023.00,112.20
6/23/2023 4:43:00.699 AM,876.00,,,,,,
6/23/2023 4:43:07.355 AM,,,,132.57,,,
6/23/2023 4:43:10.496 AM,877.00,,,,,,
6/23/2023 4:43:11.542 AM,,39.47,,,-4.67,3029.00,
6/23/2023 4:43:17.199 AM,,,36.99,,,,
6/23/2023 4:43:21.652 AM,,,,,,,111.30
6/23/2023 4:43:27.042 AM,,,,,,,112.62
6/23/2023 4:43:30.355 AM,876.00,,,,,,
6/23/2023 4:43:31.433 AM,,,,,-3.37,,
6/23/2023 4:43:37.074 AM,,40.71,37.77,150.34,-4.32,3027.00,112.21
6/23/2023 4:43:41.261 AM,,40.47,37.73,139.77,-3.86,3018.00,112.50
6/23/2023 4:43:46.777 AM,,,,,,3012.00,
6/23/2023 4:43:50.261 AM,877.00,,,,,,
6/23/2023 4:43:51.167 AM,,,,134.93,,3022.00,112.95
6/23/2023 4:43:56.824 AM,,40.67,38.25,,-4.49,,
6/23/2023 4:43:59.996 AM,876.00,,,,,,
6/23/2023 4:44:10.855 AM,,,,,,,110.47
6/23/2023 4:44:16.417 AM,,39.09,37.22,,,,
6/23/2023 4:44:20.855 AM,,39.33,37.37,150.18,-3.52,3018.00,111.40
6/23/2023 4:44:25.355 AM,877.00,,,,,,
6/23/2023 4:44:26.496 AM,,39.74,37.26,133.09,-4.72,3016.00,110.43
6/23/2023 4:44:30.964 AM,,,37.44,,-3.50,3020.00,111.75
6/23/2023 4:44:36.558 AM,,,,130.73,,,
6/23/2023 4:44:40.808 AM,,,,157.22,,,
6/23/2023 4:44:46.574 AM,,40.19,,,,,109.87
6/23/2023 4:44:49.855 AM,878.00,,,,,,
6/23/2023 4:44:56.667 AM,,39.00,,,,,
6/23/2023 4:45:01.199 AM,,39.14,36.77,139.53,-3.75,3016.00,111.36
6/23/2023 4:45:06.949 AM,,38.88,36.93,139.65,-4.43,3013.00,110.14
6/23/2023 4:45:11.339 AM,,38.46,,,,3018.00,110.04
6/23/2023 4:45:15.871 AM,879.00,,,,,,
6/23/2023 4:45:17.089 AM,,,36.39,152.94,,,
6/23/2023 4:45:20.324 AM,878.00,,,,,,
6/23/2023 4:45:21.308 AM,,,,137.41,,,
6/23/2023 4:45:31.339 AM,,,,,,,111.57
6/23/2023 4:45:36.871 AM,,,,,-3.52,,
6/23/2023 4:45:41.261 AM,,39.53,,,-4.58,,
6/23/2023 4:45:45.824 AM,879.00,,,,,,
6/23/2023 4:45:47.089 AM,,39.02,36.77,144.77,-4.56,3014.00,110.13
6/23/2023 4:45:51.542 AM,,39.27,36.54,135.49,-3.17,3017.00,111.37
6/23/2023 4:45:57.214 AM,,,,125.01,,3018.00,
6/23/2023 4:46:01.761 AM,,,,,,3010.00,
6/23/2023 4:46:07.496 AM,,,36.35,145.77,,,111.31
6/23/2023 4:46:11.777 AM,,,,,,,112.44
6/23/2023 4:46:17.292 AM,,,37.19,,,,
6/23/2023 4:46:27.246 AM,,,,,-4.66,,
6/23/2023 4:46:30.636 AM,880.00,,,,,,
6/23/2023 4:46:31.605 AM,,40.59,37.13,141.97,-4.56,3016.00,112.41
6/23/2023 4:46:37.230 AM,,40.65,37.26,140.21,-4.37,3013.00,111.57
6/23/2023 4:46:41.589 AM,,,36.81,,,,
6/23/2023 4:46:51.855 AM,,,,,-2.62,,
6/23/2023 4:47:01.652 AM,,39.68,,,,,111.31
6/23/2023 4:47:07.511 AM,,,37.80,130.01,,,112.00
6/23/2023 4:47:11.621 AM,,39.78,37.73,136.89,-5.27,3024.00,111.45
6/23/2023 4:47:16.308 AM,879.00,,,,,,
6/23/2023 4:47:17.558 AM,,39.06,37.28,137.13,-4.09,3022.00,111.16
6/23/2023 4:47:27.324 AM,,,38.04,,,3013.00,
6/23/2023 4:47:37.464 AM,,,37.04,,,,
6/23/2023 4:47:41.652 AM,,40.20,,,-4.49,,
6/23/2023 4:47:47.433 AM,,,,151.74,,,
6/23/2023 4:47:50.693 AM,881.00,,,,,,
6/23/2023 4:47:51.725 AM,,,,,-3.61,,
6/23/2023 4:47:56.162 AM,880.00,,,,,,
6/23/2023 4:47:57.365 AM,,39.42,37.05,129.17,-4.39,3019.00,112.92
6/23/2023 4:48:01.959 AM,,39.56,37.35,126.81,-4.52,3016.00,112.14
6/23/2023 4:48:06.693 AM,881.00,,,,,,
6/23/2023 4:48:07.912 AM,,,,,-3.43,,
6/23/2023 4:48:12.615 AM,,38.82,36.47,,,3018.00,
6/23/2023 4:48:18.178 AM,,,,142.25,,,
6/23/2023 4:48:22.521 AM,,,,,,,111.12
6/23/2023 4:48:28.021 AM,,,,,,3011.00,
6/23/2023 4:48:32.506 AM,,,,,,,112.77
6/23/2023 4:48:38.053 AM,,40.31,36.92,123.89,-4.83,3018.00,112.53
6/23/2023 4:48:42.162 AM,,40.05,36.72,129.29,-4.30,,111.66
6/23/2023 4:48:46.521 AM,880.00,,,,,,
6/23/2023 4:48:47.787 AM,,39.53,,142.73,,3012.00,
6/23/2023 4:48:50.975 AM,881.00,,,,,,
6/23/2023 4:48:51.959 AM,,,37.13,,,,
6/23/2023 4:48:57.646 AM,,,,,-4.55,3021.00,
6/23/2023 4:49:02.115 AM,,,,126.85,-2.72,,111.28
6/23/2023 4:49:07.725 AM,,,,,,,112.95
6/23/2023 4:49:16.553 AM,880.00,,,,,,
6/23/2023 4:49:17.818 AM,,,36.44,,,,
6/23/2023 4:49:21.881 AM,,39.96,36.60,132.45,-4.27,3014.00,111.54
6/23/2023 4:49:27.240 AM,,40.20,36.90,147.97,-4.19,3013.00,111.42
6/23/2023 4:49:31.615 AM,,,,,-4.34,,
6/23/2023 4:49:36.053 AM,881.00,,,,,,
6/23/2023 4:49:37.271 AM,,,,,-3.62,3021.00,
6/23/2023 4:49:40.521 AM,880.00,,,,,,
6/23/2023 4:49:41.521 AM,,40.74,,152.62,,,112.95
6/23/2023 4:49:47.053 AM,,,36.81,,,,
6/23/2023 4:49:51.131 AM,,,,,,,111.21
6/23/2023 4:49:56.756 AM,,,,,,3011.00,
6/23/2023 4:50:00.959 AM,,,37.38,,,,
6/23/2023 4:50:05.396 AM,881.00,,,,,,
6/23/2023 4:50:06.709 AM,,39.68,,129.13,-4.27,3018.00,111.39
6/23/2023 4:50:10.084 AM,880.00,,,,,,
6/23/2023 4:50:11.068 AM,,39.56,,136.29,-4.18,3012.00,111.61
6/23/2023 4:50:16.771 AM,,40.43,37.56,,-3.45,,112.89
6/23/2023 4:50:21.271 AM,,39.15,,,,,
6/23/2023 4:50:26.850 AM,,,,,-4.42,,111.21
6/23/2023 4:50:31.193 AM,,,37.68,,,3020.00,
6/23/2023 4:50:40.350 AM,881.00,,,,,,
6/23/2023 4:50:41.365 AM,,,,131.65,,,
6/23/2023 4:50:47.115 AM,,39.99,37.05,140.17,-4.00,3013.00,111.40
6/23/2023 4:50:51.412 AM,,40.11,37.64,135.37,-3.95,3011.00,112.57
6/23/2023 4:50:57.365 AM,,,37.77,,,,
6/23/2023 4:51:02.006 AM,,,,133.93,,3010.00,110.10
6/23/2023 4:51:06.475 AM,880.00,,,,,,
6/23/2023 4:51:07.631 AM,,,,,-4.40,,
6/23/2023 4:51:16.646 AM,881.00,,,,,,
6/23/2023 4:51:17.975 AM,,38.39,,147.65,,,
6/23/2023 4:51:22.412 AM,,,35.99,,,,
6/23/2023 4:51:28.209 AM,,,,,-3.62,,
6/23/2023 4:51:31.475 AM,880.00,,,,,,
6/23/2023 4:51:32.600 AM,,39.05,36.12,138.01,-4.20,3020.00,110.44
6/23/2023 4:51:38.334 AM,,39.18,36.21,142.73,-4.30,3010.00,111.48
6/23/2023 4:51:52.818 AM,,38.66,,130.01,,,
6/23/2023 4:51:57.209 AM,881.00,,,,,,
6/23/2023 4:51:58.459 AM,,,,,,3020.00,
6/23/2023 4:52:01.881 AM,880.00,,,,,,
6/23/2023 4:52:02.881 AM,,,,,-3.76,,
6/23/2023 4:52:07.365 AM,881.00,,,,,,
6/23/2023 4:52:08.615 AM,,39.29,36.86,143.77,-4.75,3009.00,109.96
6/23/2023 4:52:12.818 AM,,38.69,36.09,131.77,-4.62,3015.00,110.11
6/23/2023 4:52:17.334 AM,880.00,,,,,,
6/23/2023 4:52:18.521 AM,,38.39,36.08,135.85,-3.77,3018.00,110.25
6/23/2023 4:52:38.990 AM,,,,150.42,-3.54,3014.00,
6/23/2023 4:52:43.271 AM,,39.83,,,,,
6/23/2023 4:52:52.396 AM,882.00,,,,,,
6/23/2023 4:52:53.396 AM,,,,133.01,-4.70,3020.00,
6/23/2023 4:52:57.740 AM,881.00,,,,,,
6/23/2023 4:52:58.834 AM,,39.80,37.17,142.61,-4.01,3015.00,112.95
6/23/2023 4:53:02.271 AM,882.00,,,,,,
6/23/2023 4:53:03.209 AM,,39.39,37.23,129.49,-4.05,3014.00,111.45
6/23/2023 4:53:08.975 AM,,,,146.49,,3013.00,
6/23/2023 4:53:12.225 AM,881.00,,,,,,
6/23/2023 4:53:13.318 AM,,,,,-3.82,,
6/23/2023 4:53:18.928 AM,,,,,,3020.00,112.56
6/23/2023 4:53:23.240 AM,,38.64,36.95,,,,
6/23/2023 4:53:28.709 AM,,,,,-4.67,,110.13
6/23/2023 4:53:33.006 AM,,,37.82,123.29,,,
6/23/2023 4:53:38.631 AM,,39.71,37.31,127.37,-4.60,3018.00,111.25
6/23/2023 4:53:42.068 AM,882.00,,,,,,
6/23/2023 4:53:43.053 AM,,39.56,37.02,128.81,-3.74,,111.03
6/23/2023 4:53:48.803 AM,,39.60,,,,,
6/23/2023 4:53:52.100 AM,881.00,,,,,,
6/23/2023 4:53:53.209 AM,,,,149.37,-3.28,3014.00,
6/23/2023 4:53:58.943 AM,,,37.28,,-4.74,3012.00,
6/23/2023 4:54:03.178 AM,,,,,,3022.00,
6/23/2023 4:54:08.865 AM,,,,125.37,,,
6/23/2023 4:54:18.928 AM,,38.48,36.59,,,,112.92
6/23/2023 4:54:23.209 AM,,39.14,36.90,141.21,-4.37,3014.00,111.54
6/23/2023 4:54:28.771 AM,,39.06,36.92,133.81,-3.44,3010.00,111.24
6/23/2023 4:54:32.146 AM,882.00,,,,,,
6/23/2023 4:54:33.068 AM,,,36.48,,-4.88,3025.00,
6/23/2023 4:54:37.521 AM,881.00,,,,,,
6/23/2023 4:54:38.756 AM,,,,,,,111.99
6/23/2023 4:54:42.959 AM,,39.77,,,,,
6/23/2023 4:54:48.725 AM,,,,148.37,,,
6/23/2023 4:55:02.740 AM,,39.35,37.32,134.65,-3.90,3020.00,111.39
6/23/2023 4:55:08.490 AM,,39.29,37.11,142.85,-3.99,3013.00,112.18
6/23/2023 4:55:11.850 AM,882.00,,,,,,
6/23/2023 4:55:12.834 AM,,,,,-3.96,,111.36
6/23/2023 4:55:17.193 AM,881.00,,,,,,
6/23/2023 4:55:18.318 AM,,,,,,,112.69
6/23/2023 4:55:22.615 AM,,39.06,36.86,,,,
6/23/2023 4:55:28.412 AM,,,,166.66,,3012.00,
6/23/2023 4:55:38.490 AM,,40.14,,,-4.58,3024.00,
6/23/2023 4:55:48.178 AM,,40.10,37.53,131.93,-4.22,3017.00,112.57
6/23/2023 4:55:52.553 AM,,39.92,37.34,131.17,-4.57,3020.00,111.73
6/23/2023 4:55:58.350 AM,,,,,,,111.07
6/23/2023 4:56:02.709 AM,,,,138.33,,,
6/23/2023 4:56:08.303 AM,,,38.27,,,,
6/23/2023 4:56:12.615 AM,,,,,,3018.00,
6/23/2023 4:56:18.271 AM,,39.33,,,,,
6/23/2023 4:56:22.803 AM,,,,,-3.04,,
6/23/2023 4:56:28.490 AM,,,,122.97,,,
6/23/2023 4:56:31.943 AM,880.00,,,,,,
6/23/2023 4:56:33.053 AM,,39.69,37.97,131.21,-4.43,3028.00,111.70
6/23/2023 4:56:38.787 AM,,40.05,38.00,129.81,-4.39,3018.00,112.51
6/23/2023 4:56:43.146 AM,,,38.55,139.93,,,
6/23/2023 4:56:47.693 AM,881.00,,,,,,
6/23/2023 4:56:48.928 AM,,40.37,,,-4.37,,
6/23/2023 4:56:52.193 AM,880.00,,,,,,
6/23/2023 4:56:53.162 AM,,,,,,,111.36
6/23/2023 4:57:02.303 AM,881.00,,,,,,
6/23/2023 4:57:09.178 AM,,,,,,,112.98
6/23/2023 4:57:13.459 AM,,39.15,37.68,111.85,-5.16,3050.00,112.48
6/23/2023 4:57:17.803 AM,880.00,,,,,,
6/23/2023 4:57:19.068 AM,,39.42,37.70,117.69,-5.70,3063.00,112.36
6/23/2023 4:57:23.225 AM,,,,,-6.01,,
6/23/2023 4:57:29.006 AM,,39.02,,114.85,,,113.05
6/23/2023 4:57:37.975 AM,879.00,,,,,,
6/23/2023 4:57:49.443 AM,,,36.72,,-3.58,,
6/23/2023 4:57:53.834 AM,,39.60,,134.09,,,
6/23/2023 4:57:59.568 AM,,39.05,36.86,119.73,-3.88,3152.00,111.36
6/23/2023 4:58:04.256 AM,,39.23,36.53,127.05,-3.95,3150.00,111.30
6/23/2023 4:58:08.834 AM,878.00,,,,,,
6/23/2023 4:58:10.100 AM,,,,,-2.12,3153.00,
6/23/2023 4:58:14.725 AM,,39.53,,124.37,,,
6/23/2023 4:58:19.115 AM,877.00,,,,,,
6/23/2023 4:58:20.381 AM,,,,144.65,,,111.79
6/23/2023 4:58:24.693 AM,,38.51,35.60,,,,
6/23/2023 4:58:34.584 AM,,,,,-3.98,,
6/23/2023 4:58:40.303 AM,,39.33,35.78,141.45,-3.58,3136.00,109.00
6/23/2023 4:58:44.725 AM,,39.48,36.00,145.85,-3.34,3135.00,111.81
6/23/2023 4:58:50.318 AM,,39.92,,,,,
6/23/2023 4:58:54.615 AM,,,35.78,,,,
6/23/2023 4:59:00.162 AM,,,,130.81,-4.20,,110.05
6/23/2023 4:59:03.506 AM,878.00,,,,,,
6/23/2023 4:59:19.912 AM,,38.27,,159.70,-3.15,3090.00,
6/23/2023 4:59:23.256 AM,879.00,,,,,,
6/23/2023 4:59:24.256 AM,,38.64,36.72,146.81,-3.50,3092.00,110.29
6/23/2023 4:59:29.865 AM,,37.77,36.09,159.30,-3.73,3082.00,110.50
6/23/2023 4:59:34.209 AM,,,,165.74,,,
6/23/2023 4:59:38.834 AM,880.00,,,,,,
6/23/2023 4:59:39.990 AM,,38.58,,,-4.25,,111.39
6/23/2023 4:59:44.521 AM,,,,135.77,,,110.14
6/23/2023 5:00:00.100 AM,,,36.54,,-3.08,,
6/23/2023 5:00:03.584 AM,882.00,,,,,,
6/23/2023 5:00:04.443 AM,,38.10,36.39,154.46,-4.10,3039.00,110.49
6/23/2023 5:00:10.193 AM,,37.73,36.17,148.41,-3.28,3036.00,110.19
6/23/2023 5:00:13.459 AM,883.00,,,,,,
6/23/2023 5:00:14.475 AM,,,36.60,,,3038.00,
6/23/2023 5:00:24.896 AM,,37.70,35.99,,,,109.89
6/23/2023 5:00:34.912 AM,,,,,,,111.81
6/23/2023 5:00:40.553 AM,,,,,-4.51,,
6/23/2023 5:00:44.850 AM,,,,172.54,-3.13,,
6/23/2023 5:00:49.334 AM,886.00,,,,,,
6/23/2023 5:00:50.490 AM,,39.00,36.35,156.18,-3.43,3008.00,110.74
6/23/2023 5:00:53.834 AM,887.00,,,,,,
6/23/2023 5:00:54.881 AM,,38.91,,177.70,-4.49,3011.00,111.49
6/23/2023 5:00:59.287 AM,886.00,,,,,,
6/23/2023 5:01:00.568 AM,,38.69,,,-4.52,,
6/23/2023 5:01:04.834 AM,,,36.18,,,,
6/23/2023 5:01:10.646 AM,,,36.72,,-3.47,,
6/23/2023 5:01:14.943 AM,,39.68,,145.93,,,
6/23/2023 5:01:20.850 AM,,,36.03,,,,
6/23/2023 5:01:24.193 AM,889.00,,,,,,
6/23/2023 5:01:25.271 AM,,,36.09,,,,
6/23/2023 5:01:30.975 AM,,39.65,,146.05,-4.13,2990.00,109.05
6/23/2023 5:01:35.381 AM,,39.53,36.05,172.02,-3.86,2997.00,111.25
6/23/2023 5:01:39.850 AM,890.00,,,,,,
6/23/2023 5:01:45.225 AM,,,,,,,110.01
6/23/2023 5:01:50.881 AM,,40.38,,,,,
6/23/2023 5:01:55.271 AM,,,,,-4.62,,
6/23/2023 5:02:01.100 AM,,,,,-3.74,,
6/23/2023 5:02:11.084 AM,,,,142.85,,,111.94
6/23/2023 5:02:14.412 AM,892.00,,,,,,
6/23/2023 5:02:15.412 AM,,39.68,37.07,148.85,-3.94,2985.00,111.88
6/23/2023 5:02:21.303 AM,,40.29,37.01,168.46,-3.47,2983.00,111.58
6/23/2023 5:02:25.693 AM,,,,,,2987.00,
6/23/2023 5:02:31.381 AM,,39.23,,170.98,,2981.00,
6/23/2023 5:02:34.756 AM,893.00,,,,,,
6/23/2023 5:02:35.771 AM,,,,,,,111.27
6/23/2023 5:02:41.584 AM,,,37.52,,-4.64,,
6/23/2023 5:02:51.803 AM,,,36.57,,,,112.66
6/23/2023 5:02:56.047 AM,,41.10,36.96,147.09,-3.50,2985.00,111.73
6/23/2023 5:03:01.719 AM,,40.71,37.07,151.18,-3.62,2989.00,112.59
6/23/2023 5:03:06.219 AM,,,,,,,111.43
6/23/2023 5:03:10.766 AM,894.00,,,,,,
6/23/2023 5:03:11.922 AM,,,37.05,,,,
6/23/2023 5:03:15.328 AM,893.00,,,,,,
6/23/2023 5:03:21.938 AM,,,,,,2982.00,
6/23/2023 5:03:26.313 AM,,40.07,,128.69,,,
6/23/2023 5:03:32.031 AM,,,,,,,113.77
6/23/2023 5:03:36.500 AM,,,37.98,,,,
6/23/2023 5:03:42.141 AM,,41.22,37.92,138.65,-5.26,2994.00,113.74
6/23/2023 5:03:46.438 AM,,41.58,38.22,138.97,-4.88,2993.00,112.41
6/23/2023 5:03:50.953 AM,892.00,,,,,,
6/23/2023 5:04:12.516 AM,,42.57,39.68,,,,
6/23/2023 5:04:16.844 AM,,,,121.29,-19.70,,
6/23/2023 5:04:22.391 AM,,,,,,,115.35
6/23/2023 5:04:25.781 AM,884.00,,,,,,
6/23/2023 5:04:26.766 AM,,42.27,39.33,126.49,-14.16,3039.00,115.26
6/23/2023 5:04:31.234 AM,879.00,,,,,,
6/23/2023 5:04:32.438 AM,,41.85,39.18,126.17,-11.94,3048.00,113.79
6/23/2023 5:04:52.344 AM,,,,129.13,,,
6/23/2023 5:04:56.750 AM,,,38.34,,-5.50,,
6/23/2023 5:05:02.375 AM,,,,111.25,,,
6/23/2023 5:05:05.844 AM,835.00,,,,,,
6/23/2023 5:05:06.859 AM,,40.83,38.42,120.73,-5.89,3093.00,116.10
6/23/2023 5:05:11.484 AM,825.00,,,,,,
6/23/2023 5:05:12.734 AM,,39.99,37.59,127.81,-6.28,3096.00,114.57
6/23/2023 5:05:17.172 AM,,40.20,37.94,,,,116.10
6/23/2023 5:05:37.203 AM,,,,112.69,,,
6/23/2023 5:05:42.906 AM,,,,,-3.87,,
6/23/2023 5:05:47.547 AM,,38.43,35.69,114.21,-5.34,3169.00,114.97
6/23/2023 5:05:52.266 AM,766.00,,,,,,
6/23/2023 5:05:53.469 AM,,38.46,35.19,110.41,-4.62,3182.00,114.60
6/23/2023 5:05:56.953 AM,761.00,,,,,,
6/23/2023 5:05:58.047 AM,,38.49,35.49,,,,
6/23/2023 5:06:03.781 AM,,,,,,,117.58
6/23/2023 5:06:08.250 AM,,,,,-4.86,,
6/23/2023 5:06:14.156 AM,,,,123.81,,,
6/23/2023 5:06:18.797 AM,,,,,,,114.55
6/23/2023 5:06:24.625 AM,,,,107.09,-2.93,,
6/23/2023 5:06:28.938 AM,,35.30,33.26,,,,
6/23/2023 5:06:33.578 AM,713.00,,,,,,
6/23/2023 5:06:34.703 AM,,35.81,33.53,119.29,-3.50,3270.00,114.93
6/23/2023 5:06:38.172 AM,709.00,,,,,,
6/23/2023 5:06:39.141 AM,,35.40,33.17,116.73,-4.72,3283.00,115.17
6/23/2023 5:06:44.859 AM,,,,,-5.42,,
6/23/2023 5:06:54.922 AM,,35.76,,,,,
6/23/2023 5:06:59.563 AM,,,,107.45,,,
6/23/2023 5:07:09.563 AM,,,32.46,117.61,,,113.52
6/23/2023 5:07:15.406 AM,,34.47,32.67,112.57,-1.19,3347.00,114.64
6/23/2023 5:07:18.734 AM,664.00,,,,,,
6/23/2023 5:07:19.734 AM,,34.25,32.21,119.65,-3.16,3348.00,115.39
6/23/2023 5:07:24.188 AM,657.00,,,,,,
6/23/2023 5:07:29.859 AM,,34.31,,,,,
6/23/2023 5:07:40.094 AM,,,,,-2.49,,
6/23/2023 5:07:56.000 AM,,,,,-4.39,,
6/23/2023 5:07:59.344 AM,626.00,,,,,,
6/23/2023 5:08:00.406 AM,,33.11,31.17,109.25,-3.52,3390.00,113.65
6/23/2023 5:08:04.734 AM,620.00,,,,,,
6/23/2023 5:08:05.969 AM,,33.23,31.14,108.29,-2.86,3387.00,113.64
6/23/2023 5:08:10.188 AM,,,31.16,103.33,,,115.05
6/23/2023 5:08:30.109 AM,,,,,,3400.00,
6/23/2023 5:08:35.859 AM,,30.86,30.00,,-5.13,3399.00,
6/23/2023 5:08:40.094 AM,,30.90,30.03,115.53,-4.70,,113.83
6/23/2023 5:08:44.500 AM,590.00,,,,,,
6/23/2023 5:08:45.781 AM,,31.26,29.99,111.21,-4.69,,114.06
6/23/2023 5:08:48.906 AM,587.00,,,,,,
6/23/2023 5:08:50.047 AM,,,,,,3400.00,
6/23/2023 5:08:59.734 AM,,,,108.21,-2.93,,
6/23/2023 5:09:05.391 AM,,,,,-5.24,3408.00,
6/23/2023 5:09:09.766 AM,,,,121.65,,,
6/23/2023 5:09:15.109 AM,,,,,,,112.18
6/23/2023 5:09:23.844 AM,564.00,,,,,,
6/23/2023 5:09:25.016 AM,,28.89,28.02,108.69,-4.28,3405.00,113.76
6/23/2023 5:09:28.188 AM,561.00,,,,,,
6/23/2023 5:09:29.203 AM,,29.09,28.08,111.69,-4.39,3402.00,112.68
6/23/2023 5:09:38.922 AM,,,,,-3.10,3407.00,
6/23/2023 5:09:49.047 AM,,,,,-5.12,,
6/23/2023 5:09:54.828 AM,,29.46,,112.77,,,114.18
6/23/2023 5:10:08.281 AM,538.00,,,,,,
6/23/2023 5:10:09.375 AM,,28.43,26.57,103.57,-4.91,3392.00,111.33
6/23/2023 5:10:13.781 AM,536.00,,,,,,
6/23/2023 5:10:15.031 AM,,28.14,26.55,123.45,-3.11,3395.00,112.95
6/23/2023 5:10:19.313 AM,,28.38,26.88,104.45,,,111.42
6/23/2023 5:10:35.078 AM,,27.24,,,,,
6/23/2023 5:10:44.953 AM,,,,,-5.35,3380.00,
6/23/2023 5:10:49.266 AM,,27.56,25.59,114.93,-4.64,3385.00,112.51
6/23/2023 5:10:53.625 AM,516.00,,,,,,
6/23/2023 5:10:54.781 AM,,27.84,25.50,,-3.22,3370.00,110.22
6/23/2023 5:10:58.125 AM,514.00,,,,,,
6/23/2023 5:10:59.141 AM,,,,122.09,-3.35,,
6/23/2023 5:11:04.859 AM,,,,,,,109.92
6/23/2023 5:11:09.125 AM,,,,119.73,-1.80,,
6/23/2023 5:11:19.078 AM,,,24.98,,,,110.70
6/23/2023 5:11:29.219 AM,,,,,,,110.34
6/23/2023 5:11:33.750 AM,498.00,,,,,,
6/23/2023 5:11:35.047 AM,,25.92,25.19,138.85,-3.20,3208.00,
6/23/2023 5:11:38.422 AM,497.00,,,,,,
6/23/2023 5:11:39.469 AM,,25.44,24.74,131.05,-2.39,3181.00,110.29
6/23/2023 5:11:49.359 AM,,,24.92,,,,
6/23/2023 5:11:59.453 AM,,,,,,,109.96
6/23/2023 5:12:05.219 AM,,26.48,,,,,
6/23/2023 5:12:09.484 AM,,,,154.98,-3.30,,
6/23/2023 5:12:18.516 AM,483.00,,,,,,
6/23/2023 5:12:19.484 AM,,26.28,24.29,149.13,-3.22,2972.00,110.70
6/23/2023 5:12:23.875 AM,481.00,,,,,,
6/23/2023 5:12:25.141 AM,,26.24,24.50,153.46,-3.53,2944.00,110.37
6/23/2023 5:12:29.563 AM,,,24.11,143.85,,,110.10
6/23/2023 5:12:35.250 AM,,25.73,,,,,
6/23/2023 5:12:39.547 AM,,,,162.78,-3.91,,
6/23/2023 5:12:45.438 AM,,,,,-2.70,,
6/23/2023 5:12:49.891 AM,,,,,,,111.73
6/23/2023 5:12:59.359 AM,470.00,,,,,,
6/23/2023 5:13:00.391 AM,,26.85,24.99,149.09,-3.64,2800.00,111.48
6/23/2023 5:13:04.953 AM,468.00,,,,,,
6/23/2023 5:13:06.188 AM,,27.03,25.04,142.73,-5.03,2786.00,111.97
6/23/2023 5:13:10.688 AM,,,,148.37,-3.15,,
6/23/2023 5:13:21.016 AM,,27.39,25.70,,-5.43,,112.62
6/23/2023 5:13:41.328 AM,,25.14,23.87,126.21,-3.32,2715.00,106.75
6/23/2023 5:13:45.844 AM,456.00,,,,,,
6/23/2023 5:13:47.094 AM,,24.69,23.07,134.69,-4.16,2703.00,104.52
6/23/2023 5:13:51.500 AM,,,,,-1.98,,
6/23/2023 5:13:56.047 AM,454.00,,,,,,
6/23/2023 5:14:20.859 AM,,,20.81,116.21,,,
6/23/2023 5:14:25.484 AM,447.00,,,,,,
6/23/2023 5:14:26.766 AM,,21.38,20.93,121.65,-3.84,2664.00,98.75
6/23/2023 5:14:30.000 AM,445.00,,,,,,
6/23/2023 5:14:31.125 AM,,21.12,20.46,117.53,-5.20,2659.00,95.54
6/23/2023 5:14:36.906 AM,,20.60,20.06,,,,
6/23/2023 5:14:46.594 AM,,,,,-3.32,,
6/23/2023 5:14:56.734 AM,,,,129.93,,,97.10
6/23/2023 5:15:00.906 AM,,,,,,,95.38
6/23/2023 5:15:06.719 AM,,,20.64,,-5.42,,
6/23/2023 5:15:10.188 AM,436.00,,,,,,
6/23/2023 5:15:11.125 AM,,21.35,20.60,108.93,-5.35,2624.00,96.52
6/23/2023 5:15:15.234 AM,435.00,,,,,,
6/23/2023 5:15:16.516 AM,,21.50,20.70,114.85,-4.64,2623.00,96.35
6/23/2023 5:15:20.719 AM,,21.51,20.82,,,2624.00,96.76
6/23/2023 5:15:26.297 AM,,,,,-7.85,,
6/23/2023 5:15:36.047 AM,,20.15,19.52,,,,
6/23/2023 5:15:40.547 AM,,,,108.77,,,
6/23/2023 5:15:45.078 AM,429.00,,,,,,
6/23/2023 5:15:46.297 AM,,,,115.61,,,91.97
6/23/2023 5:15:50.703 AM,,20.30,19.74,111.45,-4.40,2608.00,94.40
6/23/2023 5:15:55.078 AM,428.00,,,,,,
6/23/2023 5:15:56.313 AM,,20.28,19.83,113.33,-4.58,2611.00,92.89
6/23/2023 5:16:00.531 AM,,,19.77,,,,
6/23/2023 5:16:15.844 AM,,,,,,2602.00,
6/23/2023 5:16:20.234 AM,,,,104.93,,,
6/23/2023 5:16:25.563 AM,,,,,-5.36,,
6/23/2023 5:16:34.297 AM,422.00,,,,,,
6/23/2023 5:16:35.469 AM,,20.87,20.25,106.81,-0.46,,94.69
6/23/2023 5:16:39.719 AM,,21.00,,107.29,1.75,2606.00,94.48
6/23/2023 5:16:44.078 AM,421.00,,,,,,
6/23/2023 5:16:45.094 AM,,20.87,20.46,104.89,,2600.00,
6/23/2023 5:16:49.406 AM,,,20.43,,4.54,,94.22
6/23/2023 5:17:09.453 AM,,,,113.01,,2618.00,
6/23/2023 5:17:14.969 AM,,,20.75,,,,
6/23/2023 5:17:18.109 AM,414.00,,,,,,
6/23/2023 5:17:19.141 AM,,21.26,,105.57,-1.51,2616.00,95.65
6/23/2023 5:17:24.781 AM,,21.29,20.84,116.45,-1.36,2619.00,95.06
6/23/2023 5:17:28.156 AM,413.00,,,,,,
6/23/2023 5:17:29.125 AM,,,,120.93,-0.90,,
6/23/2023 5:17:38.891 AM,,,21.08,,,,
6/23/2023 5:17:44.594 AM,,,,104.57,,,95.65
6/23/2023 5:17:58.822 AM,,21.56,20.99,105.37,-3.72,2645.00,95.63
6/23/2023 5:18:03.400 AM,406.00,,,,,,
6/23/2023 5:18:04.666 AM,,21.48,21.20,107.53,-4.60,2649.00,95.92
6/23/2023 5:18:08.150 AM,405.00,,,,,,
6/23/2023 5:18:09.181 AM,,,,,-3.67,,
6/23/2023 5:18:14.931 AM,,,,120.97,,,
6/23/2023 5:18:19.072 AM,,,21.12,,-4.80,,
6/23/2023 5:18:24.681 AM,,,21.33,,,,95.21
6/23/2023 5:18:29.150 AM,,21.84,,,,,
6/23/2023 5:18:43.759 AM,398.00,,,,,,
6/23/2023 5:18:44.994 AM,,,,102.89,-4.33,2682.00,95.72
6/23/2023 5:18:49.275 AM,,21.95,,108.17,-4.56,2688.00,95.87
6/23/2023 5:18:53.900 AM,397.00,,,,,,
6/23/2023 5:18:54.916 AM,,21.90,21.42,,,,
6/23/2023 5:19:09.212 AM,,,,110.57,,,
6/23/2023 5:19:15.103 AM,,,,,-2.39,,96.67
6/23/2023 5:19:19.634 AM,,,,100.61,,,
6/23/2023 5:19:25.509 AM,,22.17,21.57,,-5.34,,95.27
6/23/2023 5:19:28.884 AM,390.00,,,,,,
6/23/2023 5:19:29.994 AM,,,,101.01,-4.28,2717.00,95.35
6/23/2023 5:19:34.431 AM,389.00,,,,,,
6/23/2023 5:19:35.447 AM,,22.25,21.54,103.01,-3.20,2718.00,95.81
6/23/2023 5:19:55.775 AM,,,21.74,111.77,,,97.21
6/23/2023 5:20:00.134 AM,,22.43,,,-5.09,,
6/23/2023 5:20:04.712 AM,384.00,,,,,,
6/23/2023 5:20:05.916 AM,,,,101.49,,,91.88
6/23/2023 5:20:10.322 AM,,20.88,20.43,106.45,-3.35,2739.00,93.22
6/23/2023 5:20:14.681 AM,383.00,,,,,,
6/23/2023 5:20:15.931 AM,,,,100.25,-3.97,,91.70
6/23/2023 5:20:20.462 AM,,20.90,20.46,,,2741.00,
6/23/2023 5:20:26.212 AM,,20.88,,99.61,,,
6/23/2023 5:20:30.712 AM,,,20.39,,,,
6/23/2023 5:20:36.494 AM,,,,106.21,-2.61,,
6/23/2023 5:20:46.666 AM,,,,,,2755.00,96.95
6/23/2023 5:20:51.150 AM,,22.31,21.63,100.49,-4.73,2754.00,95.18
6/23/2023 5:20:55.447 AM,376.00,,,,,,
6/23/2023 5:20:56.681 AM,,22.40,21.84,101.13,-4.91,2759.00,95.45
6/23/2023 5:21:01.025 AM,,,21.77,,-5.47,,95.21
6/23/2023 5:21:05.478 AM,375.00,,,,,,
6/23/2023 5:21:06.681 AM,,,,100.01,,,
6/23/2023 5:21:26.869 AM,,22.59,,,,,
6/23/2023 5:21:35.806 AM,370.00,,,,,,
6/23/2023 5:21:37.025 AM,,22.53,22.02,109.45,-4.10,2770.00,96.61
6/23/2023 5:21:40.478 AM,369.00,,,,,,
6/23/2023 5:21:41.384 AM,,22.59,22.05,100.49,-4.43,2769.00,95.41
6/23/2023 5:21:46.884 AM,,,,,-4.83,,
6/23/2023 5:21:51.166 AM,,22.89,22.34,,-3.44,,96.73
6/23/2023 5:22:06.806 AM,,,,,,2779.00,
6/23/2023 5:22:11.244 AM,,,,99.61,,2767.00,
6/23/2023 5:22:16.775 AM,,21.35,20.70,,,,95.20
6/23/2023 5:22:19.994 AM,363.00,,,,,,
6/23/2023 5:22:21.072 AM,,21.38,20.78,107.93,-3.90,2769.00,95.65
6/23/2023 5:22:26.509 AM,,21.41,20.88,99.57,-4.34,2764.00,95.36
6/23/2023 5:22:30.869 AM,,,,,,,96.56
6/23/2023 5:22:35.275 AM,361.00,,,,,,
6/23/2023 5:22:36.431 AM,,21.66,20.93,,,,
6/23/2023 5:22:40.759 AM,,,20.67,99.37,,,
6/23/2023 5:22:46.431 AM,,21.24,,,,,
6/23/2023 5:22:50.525 AM,,,,,,2775.00,
6/23/2023 5:22:55.041 AM,359.00,,,,,,
6/23/2023 5:22:56.353 AM,,,20.70,,-3.83,2770.00,
6/23/2023 5:23:00.666 AM,,21.41,,103.73,-4.15,,94.33
6/23/2023 5:23:05.166 AM,358.00,,,,,,
6/23/2023 5:23:06.322 AM,,20.25,19.67,104.05,-3.05,2773.00,90.73
6/23/2023 5:23:10.650 AM,,,19.59,,-2.95,,
6/23/2023 5:23:16.197 AM,,,,99.93,,,
6/23/2023 5:23:20.478 AM,,20.06,,107.73,,,
6/23/2023 5:23:36.478 AM,,,,,-4.95,,94.51
6/23/2023 5:23:39.853 AM,354.00,,,,,,
6/23/2023 5:23:40.931 AM,,,,,,2766.00,
6/23/2023 5:23:46.806 AM,,21.38,20.84,102.41,-4.53,2772.00,94.45
6/23/2023 5:23:50.244 AM,353.00,,,,,,
6/23/2023 5:23:51.322 AM,,21.42,20.82,100.81,-4.51,2768.00,94.76
6/23/2023 5:23:56.869 AM,,21.38,,,,,
6/23/2023 5:24:06.916 AM,,,,,,,94.27
6/23/2023 5:24:11.384 AM,,,,107.05,-3.44,,
6/23/2023 5:24:21.337 AM,,,21.02,,,2760.00,95.60
6/23/2023 5:24:25.744 AM,348.00,,,,,,
6/23/2023 5:24:27.041 AM,,21.57,20.97,102.57,-4.39,2763.00,94.91
6/23/2023 5:24:31.228 AM,,21.56,21.08,105.13,-4.76,2762.00,94.33
6/23/2023 5:24:35.744 AM,347.00,,,,,,
6/23/2023 5:24:41.384 AM,,,21.06,,,,94.78
6/23/2023 5:25:01.166 AM,,,,,,2754.00,
6/23/2023 5:25:06.900 AM,,,21.30,100.73,-3.14,,
6/23/2023 5:25:10.228 AM,343.00,,,,,,
6/23/2023 5:25:11.212 AM,,21.74,21.21,101.57,-3.72,,94.06
6/23/2023 5:25:16.728 AM,,21.71,21.26,101.13,-4.24,,94.96
6/23/2023 5:25:21.150 AM,,,,104.01,,2753.00,95.65
6/23/2023 5:25:25.587 AM,342.00,,,,,,
6/23/2023 5:25:31.134 AM,,,21.21,,,,
6/23/2023 5:25:41.212 AM,,21.95,,,,,
6/23/2023 5:25:46.759 AM,,,21.39,,,,
6/23/2023 5:25:51.244 AM,,,,,-3.22,2741.00,93.86
6/23/2023 5:25:55.650 AM,339.00,,,,,,
6/23/2023 5:25:56.884 AM,,21.83,21.30,100.25,-8.83,2744.00,94.30
6/23/2023 5:26:00.837 AM,,21.75,21.38,104.93,-14.29,,94.64
6/23/2023 5:26:05.322 AM,337.00,,,,,,
6/23/2023 5:26:06.634 AM,,,,,,2745.00,
6/23/2023 5:26:09.978 AM,338.00,,,,,,
6/23/2023 5:26:11.087 AM,,,21.33,,-16.98,,
6/23/2023 5:26:16.900 AM,,,,,,,92.81
6/23/2023 5:26:21.525 AM,,,,,,2739.00,
6/23/2023 5:26:27.306 AM,,21.95,21.56,,,,
6/23/2023 5:26:30.712 AM,336.00,,,,,,
6/23/2023 5:26:31.775 AM,,,,99.73,-6.39,2750.00,
6/23/2023 5:26:36.103 AM,337.00,,,,,,
6/23/2023 5:26:37.400 AM,,,21.48,100.41,-7.49,,93.22
6/23/2023 5:26:40.541 AM,336.00,,,,,,
6/23/2023 5:26:41.494 AM,,21.99,21.53,100.85,-7.48,2755.00,94.36
6/23/2023 5:26:47.181 AM,,,,,,2751.00,
6/23/2023 5:26:51.431 AM,,,21.51,,,,
6/23/2023 5:27:07.525 AM,,,,99.53,,,94.76
6/23/2023 5:27:11.853 AM,,,21.68,106.25,,,
6/23/2023 5:27:16.197 AM,337.00,,,,,,
6/23/2023 5:27:17.384 AM,,,,,-3.89,,
6/23/2023 5:27:20.666 AM,336.00,,,,,,
6/23/2023 5:27:21.681 AM,,22.38,,104.01,-4.42,2795.00,93.11
6/23/2023 5:27:26.103 AM,337.00,,,,,,
6/23/2023 5:27:27.275 AM,,22.35,21.84,102.25,-5.42,2802.00,93.16
6/23/2023 5:27:31.556 AM,,22.34,,,,,
6/23/2023 5:27:41.416 AM,,,,103.61,,,
6/23/2023 5:27:46.947 AM,,,,99.85,,,
6/23/2023 5:27:51.337 AM,,,,,,,92.93
6/23/2023 5:27:55.869 AM,339.00,,,,,,
6/23/2023 5:27:57.087 AM,,,,,-3.20,,95.63
6/23/2023 5:28:01.462 AM,,23.42,22.95,101.09,-4.25,2845.00,95.42
6/23/2023 5:28:06.916 AM,,24.60,23.94,,-2.30,2852.00,98.15
6/23/2023 5:28:10.291 AM,340.00,,,,,,
6/23/2023 5:28:11.259 AM,,,,102.97,,,
6/23/2023 5:28:16.822 AM,,,,,-7.06,,
6/23/2023 5:28:26.650 AM,,26.93,26.18,104.73,,,
6/23/2023 5:28:30.869 AM,,,,99.65,,,
6/23/2023 5:28:45.447 AM,344.00,,,,,,
6/23/2023 5:28:46.759 AM,,26.21,25.79,101.57,-4.03,2894.00,107.97
6/23/2023 5:28:51.150 AM,,26.01,25.23,100.81,-4.51,2896.00,107.04
6/23/2023 5:28:56.728 AM,,25.68,,,,,106.57
6/23/2023 5:28:59.947 AM,345.00,,,,,,
6/23/2023 5:29:00.916 AM,,,25.41,100.45,,,
6/23/2023 5:29:06.666 AM,,26.52,,,,,
6/23/2023 5:29:10.869 AM,,,,,-5.75,,
6/23/2023 5:29:16.775 AM,,,,104.25,,,
6/23/2023 5:29:21.212 AM,,,,,-3.88,,
6/23/2023 5:29:30.353 AM,349.00,,,,,,
6/23/2023 5:29:31.369 AM,,26.16,24.86,102.13,-4.60,2939.00,110.32
6/23/2023 5:29:37.072 AM,,26.45,25.34,103.13,-4.96,2940.00,110.22
6/23/2023 5:29:46.072 AM,350.00,,,,,,
6/23/2023 5:29:47.228 AM,,,,,,,108.79
6/23/2023 5:29:51.666 AM,,25.55,,100.77,,,
6/23/2023 5:30:00.822 AM,352.00,,,,,,
6/23/2023 5:30:01.822 AM,,,24.21,,-3.13,,
6/23/2023 5:30:07.400 AM,,,,,,,111.45
6/23/2023 5:30:11.603 AM,,25.77,24.41,105.81,-5.72,2973.00,110.38
6/23/2023 5:30:17.306 AM,,25.59,24.32,100.45,-5.15,2974.00,110.14
6/23/2023 5:30:20.681 AM,353.00,,,,,,
6/23/2023 5:30:27.494 AM,,,,,-2.80,,111.49
6/23/2023 5:30:47.619 AM,,,,105.01,,,110.05
6/23/2023 5:30:52.166 AM,,24.08,23.45,100.65,-4.13,3009.00,110.49
6/23/2023 5:30:56.978 AM,357.00,,,,,,
6/23/2023 5:30:58.166 AM,,23.57,23.21,102.65,-4.51,,110.41
6/23/2023 5:31:02.572 AM,,,,,,3013.00,110.14
6/23/2023 5:31:07.212 AM,358.00,,,,,,
6/23/2023 5:31:08.525 AM,,24.39,23.78,,-5.27,,
6/23/2023 5:31:18.681 AM,,,,100.49,,,
6/23/2023 5:31:28.900 AM,,,,106.49,,,
6/23/2023 5:31:33.306 AM,,,,,-3.24,,112.80
6/23/2023 5:31:37.634 AM,361.00,,,,,,
6/23/2023 5:31:38.947 AM,,23.54,22.83,103.77,-3.97,3041.00,111.30
6/23/2023 5:31:42.275 AM,362.00,,,,,,
6/23/2023 5:31:43.322 AM,,23.87,23.16,101.61,-3.78,3046.00,111.31
6/23/2023 5:31:53.259 AM,,23.21,,,,,
6/23/2023 5:31:58.837 AM,,,,,-4.64,3051.00,110.11
6/23/2023 5:32:03.337 AM,,,,101.13,-2.59,3045.00,
6/23/2023 5:32:09.041 AM,,,22.40,,,,111.57
6/23/2023 5:32:13.337 AM,,,,,,3050.00,
6/23/2023 5:32:17.681 AM,366.00,,,,,,
6/23/2023 5:32:23.322 AM,,23.51,22.43,107.93,-3.79,,110.23
6/23/2023 5:32:28.947 AM,,23.21,,105.77,-3.50,3047.00,111.61
6/23/2023 5:32:32.255 AM,367.00,,,,,,
6/23/2023 5:32:33.239 AM,,,22.58,111.57,-2.56,,
6/23/2023 5:32:43.333 AM,,23.54,,,-4.55,,108.93
6/23/2023 5:32:58.927 AM,,,,103.65,,,
6/23/2023 5:33:02.333 AM,371.00,,,,,,
6/23/2023 5:33:03.333 AM,,23.46,22.29,107.13,-3.54,3057.00,111.34
6/23/2023 5:33:09.036 AM,,23.64,22.40,104.25,-3.81,3053.00,109.08
6/23/2023 5:33:12.255 AM,373.00,,,,,,
6/23/2023 5:33:19.036 AM,,,,117.41,,,
6/23/2023 5:33:23.380 AM,,23.54,,,,,
6/23/2023 5:33:39.067 AM,,,,,-2.87,,
6/23/2023 5:33:42.239 AM,377.00,,,,,,
6/23/2023 5:33:43.349 AM,,24.24,23.54,,,,112.48
6/23/2023 5:33:48.974 AM,,23.91,23.45,112.65,-3.89,3038.00,110.29
6/23/2023 5:33:52.302 AM,378.00,,,,,,
6/23/2023 5:33:53.286 AM,,23.78,23.40,115.97,-3.26,3041.00,110.07
6/23/2023 5:33:58.974 AM,,23.66,23.28,,,,
6/23/2023 5:34:03.614 AM,,,,104.17,,3050.00,109.92
6/23/2023 5:34:09.302 AM,,,23.60,,-4.56,,
6/23/2023 5:34:13.817 AM,,,,,-2.93,,
6/23/2023 5:34:19.536 AM,,,,,,,112.45
6/23/2023 5:34:23.849 AM,,24.36,,,,,
6/23/2023 5:34:29.427 AM,,24.32,23.49,106.93,-3.57,3038.00,111.40
6/23/2023 5:34:32.771 AM,385.00,,,,,,
6/23/2023 5:34:33.802 AM,,24.35,23.66,110.61,-3.26,3040.00,111.61
6/23/2023 5:34:39.552 AM,,,23.73,123.17,,,112.39
6/23/2023 5:34:42.708 AM,386.00,,,,,,
6/23/2023 5:34:49.474 AM,,23.90,23.37,,-4.03,,
6/23/2023 5:34:53.911 AM,,,,,,,109.90
6/23/2023 5:35:03.755 AM,,,,102.73,,,
6/23/2023 5:35:09.333 AM,,,,,-2.94,,
6/23/2023 5:35:12.708 AM,392.00,,,,,,
6/23/2023 5:35:13.677 AM,,24.68,23.70,111.13,-3.55,3054.00,110.22
6/23/2023 5:35:18.208 AM,393.00,,,,,,
6/23/2023 5:35:19.442 AM,,24.81,23.78,105.49,-3.52,3053.00,110.62
6/23/2023 5:35:23.755 AM,,,,,-4.54,3051.00,
6/23/2023 5:35:29.505 AM,,,23.69,,-2.99,,
6/23/2023 5:35:34.005 AM,,24.62,,104.17,,,
6/23/2023 5:35:39.739 AM,,,,,,,110.20
6/23/2023 5:35:49.567 AM,,24.96,24.36,120.05,,3071.00,
6/23/2023 5:35:53.692 AM,,24.69,24.00,118.29,-3.80,3068.00,111.66
6/23/2023 5:35:58.052 AM,402.00,,,,,,
6/23/2023 5:35:59.255 AM,,24.57,23.91,102.97,,3073.00,110.29
6/23/2023 5:36:02.552 AM,403.00,,,,,,
6/23/2023 5:36:03.646 AM,,,,126.13,-2.72,,
6/23/2023 5:36:09.302 AM,,,,,,,111.67
6/23/2023 5:36:24.083 AM,,25.92,24.83,,-4.51,,
6/23/2023 5:36:34.146 AM,,,,,,,109.95
6/23/2023 5:36:38.552 AM,411.00,,,,,,
6/23/2023 5:36:39.771 AM,,25.56,24.81,105.49,-3.86,3104.00,111.49
6/23/2023 5:36:43.146 AM,412.00,,,,,,
6/23/2023 5:36:44.161 AM,,25.61,24.99,103.17,-3.41,3105.00,110.25
6/23/2023 5:36:49.802 AM,,,,,-3.06,,
6/23/2023 5:36:54.192 AM,,,,,,,112.98
6/23/2023 5:36:59.942 AM,,25.89,25.56,,,,
6/23/2023 5:37:04.177 AM,,25.35,24.92,102.65,,,
6/23/2023 5:37:23.286 AM,422.00,,,,,,
6/23/2023 5:37:24.239 AM,,25.79,24.95,119.13,-4.13,3133.00,110.02
6/23/2023 5:37:28.724 AM,424.00,,,,,,
6/23/2023 5:37:30.036 AM,,25.73,25.08,118.49,-3.17,3137.00,110.22
6/23/2023 5:37:39.927 AM,,,,,-4.07,,109.84
6/23/2023 5:37:44.364 AM,,25.49,24.90,,,,
6/23/2023 5:37:50.099 AM,,,,,-2.91,,111.43
6/23/2023 5:37:54.427 AM,,,25.38,106.13,,,
6/23/2023 5:38:00.177 AM,,,,118.93,,,
6/23/2023 5:38:03.630 AM,434.00,,,,,,
6/23/2023 5:38:04.599 AM,,26.01,,106.69,-3.75,3168.00,
6/23/2023 5:38:09.161 AM,435.00,,,,,,
6/23/2023 5:38:10.411 AM,,26.42,25.79,111.33,-4.12,,111.36
6/23/2023 5:38:14.599 AM,,,25.35,,,3173.00,
6/23/2023 5:38:20.442 AM,,,,,-4.51,,
6/23/2023 5:38:24.849 AM,,,,,,,111.87
6/23/2023 5:38:34.802 AM,,,,107.17,-2.95,,
6/23/2023 5:38:44.849 AM,,,25.82,121.65,,3191.00,108.91
6/23/2023 5:38:49.271 AM,448.00,,,,,,
6/23/2023 5:38:50.505 AM,,27.00,25.68,107.49,-2.99,,110.20
6/23/2023 5:38:53.771 AM,449.00,,,,,,
6/23/2023 5:38:54.755 AM,,26.78,,108.41,-3.20,3193.00,111.36
6/23/2023 5:39:00.380 AM,,26.75,25.64,,-3.05,3197.00,
6/23/2023 5:39:10.771 AM,,,25.61,,,,
6/23/2023 5:39:15.161 AM,,,,117.21,,,109.00
6/23/2023 5:39:20.864 AM,,,,,-4.56,,
6/23/2023 5:39:25.239 AM,,27.89,26.52,,,,
6/23/2023 5:39:29.661 AM,461.00,,,,,,
6/23/2023 5:39:30.896 AM,,27.71,26.51,108.29,-4.23,3186.00,111.25
6/23/2023 5:39:34.036 AM,463.00,,,,,,
6/23/2023 5:39:35.146 AM,,27.86,,106.01,-4.00,3192.00,110.10
6/23/2023 5:39:40.927 AM,,,26.84,117.81,-3.17,,
6/23/2023 5:39:45.177 AM,,,26.75,,-4.05,,
6/23/2023 5:39:50.911 AM,,,,,,,111.54
6/23/2023 5:39:54.989 AM,,,,,,,109.80
6/23/2023 5:40:05.067 AM,,27.48,,,,,
6/23/2023 5:40:10.817 AM,,,27.21,,,3182.00,
6/23/2023 5:40:14.224 AM,477.00,,,,,,
6/23/2023 5:40:15.208 AM,,28.26,27.14,108.29,-3.92,3183.00,110.28
6/23/2023 5:40:19.661 AM,479.00,,,,,,
6/23/2023 5:40:20.958 AM,,28.23,27.20,105.77,-3.03,,111.84
6/23/2023 5:40:25.255 AM,,,26.99,,,3181.00,
6/23/2023 5:40:30.880 AM,,28.53,,,,,
6/23/2023 5:40:35.255 AM,,,,,-4.49,,
6/23/2023 5:40:40.817 AM,,,,,,3186.00,110.01
6/23/2023 5:40:45.099 AM,,,27.71,,,,
6/23/2023 5:40:50.614 AM,,,,119.17,,3179.00,
6/23/2023 5:40:54.833 AM,,28.20,27.60,111.73,-4.24,3184.00,111.18
6/23/2023 5:40:59.052 AM,494.00,,,,,,
6/23/2023 5:41:00.317 AM,,28.31,,107.45,-3.22,,110.26
6/23/2023 5:41:03.333 AM,496.00,,,,,,
6/23/2023 5:41:04.411 AM,,,27.86,117.09,,3182.00,111.31
6/23/2023 5:41:09.849 AM,,,27.71,,-4.03,,
6/23/2023 5:41:14.208 AM,,,,,,3184.00,109.87
6/23/2023 5:41:34.146 AM,,29.63,,,,,
6/23/2023 5:41:38.646 AM,510.00,,,,,,
6/23/2023 5:41:39.911 AM,,29.58,28.29,114.85,-3.50,3179.00,110.40
6/23/2023 5:41:43.208 AM,512.00,,,,,,
6/23/2023 5:41:44.192 AM,,29.52,28.28,111.33,-3.73,3182.00,108.57
6/23/2023 5:41:49.864 AM,,,,109.37,-2.90,3174.00,
6/23/2023 5:42:00.005 AM,,,,,-4.60,,
6/23/2023 5:42:04.146 AM,,29.45,,,,,
6/23/2023 5:42:19.896 AM,,,,121.53,,3175.00,
6/23/2023 5:42:23.396 AM,528.00,,,,,,
6/23/2023 5:42:24.380 AM,,30.95,29.37,109.97,-4.01,,111.75
6/23/2023 5:42:28.958 AM,531.00,,,,,,
6/23/2023 5:42:30.224 AM,,31.26,29.81,114.17,-2.94,3170.00,111.73
6/23/2023 5:42:34.755 AM,,,29.34,107.65,,,
6/23/2023 5:42:40.505 AM,,,,,-4.14,,
6/23/2023 5:42:50.380 AM,,,,116.97,,,110.10
6/23/2023 5:43:00.302 AM,,30.26,,,,,
6/23/2023 5:43:03.802 AM,546.00,,,,,,
6/23/2023 5:43:04.739 AM,,30.92,29.97,112.89,-3.72,3184.00,110.16
6/23/2023 5:43:09.208 AM,548.00,,,,,,
6/23/2023 5:43:10.442 AM,,30.45,29.67,111.57,-3.84,3182.00,110.25
6/23/2023 5:43:20.380 AM,,,30.12,,,,
6/23/2023 5:43:24.739 AM,,,,,,,109.78
6/23/2023 5:43:30.505 AM,,,29.66,109.01,,,
6/23/2023 5:43:34.755 AM,,,,,-2.60,,
6/23/2023 5:43:40.474 AM,,31.26,,,,,
6/23/2023 5:43:49.114 AM,565.00,,,,,,
6/23/2023 5:43:50.380 AM,,30.83,29.97,121.09,-4.30,3195.00,111.48
6/23/2023 5:43:53.724 AM,568.00,,,,,,
6/23/2023 5:43:54.817 AM,,31.26,30.47,114.97,-4.55,3198.00,111.69
6/23/2023 5:44:00.708 AM,,,,120.53,,,
6/23/2023 5:44:05.146 AM,,30.84,29.81,108.21,,,
6/23/2023 5:44:15.317 AM,,,,,,3189.00,
6/23/2023 5:44:31.036 AM,,31.86,30.17,112.41,-3.28,3191.00,109.14
6/23/2023 5:44:34.380 AM,585.00,,,,,,
6/23/2023 5:44:35.302 AM,,31.79,30.09,112.97,-4.00,3193.00,109.74
6/23/2023 5:44:39.755 AM,588.00,,,,,,
6/23/2023 5:44:40.942 AM,,31.64,,110.29,,,
6/23/2023 5:44:45.411 AM,,,,,-2.72,,
6/23/2023 5:44:55.505 AM,,,,,,3196.00,
6/23/2023 5:45:01.067 AM,,,,121.09,,,
6/23/2023 5:45:05.317 AM,,,30.87,,,,111.37
6/23/2023 5:45:10.880 AM,,,,,-4.53,3188.00,
6/23/2023 5:45:14.302 AM,603.00,,,,,,
6/23/2023 5:45:15.271 AM,,32.45,30.75,115.65,-3.60,,110.01
6/23/2023 5:45:19.739 AM,606.00,,,,,,
6/23/2023 5:45:20.974 AM,,32.70,31.08,112.45,-3.08,3189.00,111.24
6/23/2023 5:45:25.302 AM,,,,111.69,,3191.00,
6/23/2023 5:45:30.708 AM,,33.06,,,,,
6/23/2023 5:45:44.833 AM,,,,118.09,,,
6/23/2023 5:45:50.333 AM,,32.66,,,,,
6/23/2023 5:45:54.646 AM,,,,,,,109.47
6/23/2023 5:45:59.224 AM,624.00,,,,,,
6/23/2023 5:46:00.380 AM,,32.94,31.91,115.97,-3.91,3176.00,110.19
6/23/2023 5:46:03.708 AM,626.00,,,,,,
6/23/2023 5:46:04.692 AM,,32.63,31.68,112.69,-3.56,,109.24
6/23/2023 5:46:10.161 AM,,32.34,,,,3182.00,
6/23/2023 5:46:14.505 AM,,,,,-4.72,,
6/23/2023 5:46:30.130 AM,,,32.12,,,3173.00,111.34
6/23/2023 5:46:34.521 AM,,33.69,32.07,,,,
6/23/2023 5:46:39.942 AM,,33.48,,122.61,-4.21,,110.13
6/23/2023 5:46:43.099 AM,644.00,,,,,,
6/23/2023 5:46:44.192 AM,,33.60,32.30,118.41,-3.56,3172.00,109.99
6/23/2023 5:46:48.474 AM,647.00,,,,,,
6/23/2023 5:46:49.724 AM,,,,,,,111.58
6/23/2023 5:46:53.896 AM,,,,,,3177.00,
6/23/2023 5:46:59.411 AM,,32.91,31.70,112.41,-4.07,,
6/23/2023 5:47:13.474 AM,,,,123.41,,3168.00,
6/23/2023 5:47:19.067 AM,,,32.61,,,3170.00,
6/23/2023 5:47:22.505 AM,663.00,,,,,,
6/23/2023 5:47:23.474 AM,,34.02,32.49,121.73,-4.03,,110.07
6/23/2023 5:47:27.849 AM,666.00,,,,,,
6/23/2023 5:47:29.130 AM,,34.34,32.61,122.85,-3.66,,111.48
6/23/2023 5:47:33.442 AM,,,,128.21,,3167.00,
6/23/2023 5:47:43.702 AM,,,,,-3.45,,111.63
6/23/2023 5:47:49.327 AM,,,,116.85,,,
6/23/2023 5:47:53.639 AM,,,33.44,,-4.25,,
6/23/2023 5:47:59.295 AM,,34.79,,,,3179.00,110.14
6/23/2023 5:48:03.702 AM,,,,,,3174.00,
6/23/2023 5:48:08.139 AM,684.00,,,,,,
6/23/2023 5:48:09.295 AM,,34.02,32.96,119.17,-3.66,,110.16
6/23/2023 5:48:12.780 AM,687.00,,,,,,
6/23/2023 5:48:13.764 AM,,34.61,,122.85,-3.43,3178.00,110.26
6/23/2023 5:48:19.686 AM,,,33.00,124.41,,,111.40
6/23/2023 5:48:24.186 AM,,,,,,,109.87
6/23/2023 5:48:29.983 AM,,,,116.25,-4.28,3185.00,
6/23/2023 5:48:34.280 AM,,35.70,,,,3174.00,
6/23/2023 5:48:48.545 AM,703.00,,,,,,
6/23/2023 5:48:49.749 AM,,35.48,33.95,123.09,-3.47,3184.00,110.38
6/23/2023 5:48:53.124 AM,704.00,,,,,,
6/23/2023 5:48:54.124 AM,,35.19,33.96,115.21,-3.77,3178.00,110.32
6/23/2023 5:49:03.983 AM,,,,130.97,-3.48,,
6/23/2023 5:49:09.655 AM,,,34.35,,,,
6/23/2023 5:49:14.233 AM,,34.83,33.74,,,,
6/23/2023 5:49:19.780 AM,,,,,,3190.00,
6/23/2023 5:49:29.811 AM,,,,,-4.22,3182.00,109.84
6/23/2023 5:49:33.108 AM,722.00,,,,,,
6/23/2023 5:49:34.124 AM,,35.78,34.29,122.29,-4.18,,111.03
6/23/2023 5:49:38.624 AM,724.00,,,,,,
6/23/2023 5:49:39.905 AM,,36.02,34.20,115.73,-4.13,3183.00,109.83
6/23/2023 5:49:44.280 AM,,36.03,,115.01,-4.49,3187.00,
6/23/2023 5:49:59.936 AM,,,34.31,,-3.60,,
6/23/2023 5:50:04.186 AM,,,33.60,,,,
6/23/2023 5:50:09.905 AM,,35.12,,128.69,,,111.69
6/23/2023 5:50:14.249 AM,,35.85,34.11,118.45,-3.92,3176.00,110.20
6/23/2023 5:50:18.795 AM,739.00,,,,,,
6/23/2023 5:50:20.045 AM,,35.88,34.16,121.53,-3.94,3183.00,110.50
6/23/2023 5:50:23.420 AM,741.00,,,,,,
6/23/2023 5:50:24.342 AM,,,33.80,,,,109.15
6/23/2023 5:50:40.014 AM,,,,114.25,,,
6/23/2023 5:50:44.311 AM,,,,,-3.57,,
6/23/2023 5:50:50.202 AM,,,,,,3185.00,
6/23/2023 5:50:54.702 AM,,,34.47,,-4.24,3171.00,
6/23/2023 5:50:59.202 AM,753.00,,,,,,
6/23/2023 5:51:00.358 AM,,37.04,34.29,123.17,-4.06,,111.36
6/23/2023 5:51:03.764 AM,754.00,,,,,,
6/23/2023 5:51:04.733 AM,,36.83,34.37,114.53,-3.92,3170.00,111.30
6/23/2023 5:51:10.530 AM,,,,,,,111.61
6/23/2023 5:51:14.889 AM,,36.80,34.32,,-4.52,3173.00,
6/23/2023 5:51:20.467 AM,,,,,,,110.16
6/23/2023 5:51:24.686 AM,,,,124.73,,,
6/23/2023 5:51:30.452 AM,,37.74,,,,,
6/23/2023 5:51:40.499 AM,,,,,,3167.00,
6/23/2023 5:51:43.749 AM,765.00,,,,,,
6/23/2023 5:51:44.858 AM,,37.04,35.27,115.21,-4.21,3168.00,110.40
6/23/2023 5:51:49.139 AM,766.00,,,,,,
6/23/2023 5:51:50.389 AM,,37.01,35.24,120.89,-3.88,3158.00,110.37
6/23/2023 5:51:54.749 AM,,,35.15,,,3165.00,
6/23/2023 5:52:00.311 AM,,37.05,35.67,,,,
6/23/2023 5:52:04.639 AM,,,,114.41,,,
6/23/2023 5:52:14.795 AM,,36.53,,122.41,-3.37,,109.15
6/23/2023 5:52:23.795 AM,774.00,,,,,,
6/23/2023 5:52:24.842 AM,,36.89,35.52,122.09,-4.40,3155.00,111.43
6/23/2023 5:52:29.295 AM,775.00,,,,,,
6/23/2023 5:52:30.577 AM,,37.11,,116.49,-3.94,3160.00,110.67
6/23/2023 5:52:34.592 AM,,37.56,35.76,129.93,,,
6/23/2023 5:52:40.030 AM,,,35.34,,,3161.00,
6/23/2023 5:52:44.374 AM,,,,,-4.71,,109.96
6/23/2023 5:52:54.608 AM,,,35.96,,-3.56,3144.00,111.48
6/23/2023 5:53:04.608 AM,,36.68,,,,,
6/23/2023 5:53:09.061 AM,782.00,,,,,,
6/23/2023 5:53:10.108 AM,,36.80,35.73,115.01,-4.43,3153.00,111.40
6/23/2023 5:53:13.545 AM,783.00,,,,,,
6/23/2023 5:53:14.592 AM,,36.75,35.36,116.05,-4.93,3148.00,110.13
6/23/2023 5:53:20.374 AM,,,,,,3143.00,111.52
6/23/2023 5:53:30.342 AM,,,,,,3151.00,
6/23/2023 5:53:34.639 AM,,,,,-3.71,,
6/23/2023 5:53:40.405 AM,,,,115.61,,,
6/23/2023 5:53:44.624 AM,,38.24,35.67,,,,
6/23/2023 5:53:49.186 AM,789.00,,,,,,
6/23/2023 5:53:50.405 AM,,37.82,35.61,126.69,-4.13,3144.00,111.43
6/23/2023 5:53:54.858 AM,,37.59,35.73,117.97,-4.09,3142.00,111.48
6/23/2023 5:53:59.374 AM,790.00,,,,,,
6/23/2023 5:54:00.639 AM,,,,,-3.52,,
6/23/2023 5:54:05.061 AM,,,,126.01,,,
6/23/2023 5:54:10.936 AM,,,,,,3147.00,
6/23/2023 5:54:15.374 AM,,37.13,35.48,114.57,,3141.00,109.74
6/23/2023 5:54:21.077 AM,,,36.12,,,,112.53
6/23/2023 5:54:34.624 AM,795.00,,,,,,
6/23/2023 5:54:35.702 AM,,38.25,36.03,116.49,-4.54,3145.00,111.40
6/23/2023 5:54:41.405 AM,,38.58,36.59,126.93,,3149.00,110.25
6/23/2023 5:54:44.936 AM,796.00,,,,,,
6/23/2023 5:54:46.030 AM,,,35.96,,-4.70,,
6/23/2023 5:54:51.795 AM,,,,,-3.76,,
6/23/2023 5:54:56.124 AM,,,,117.77,,3145.00,
6/23/2023 5:55:06.045 AM,,,,,,,111.75
6/23/2023 5:55:10.530 AM,799.00,,,,,,
6/23/2023 5:55:11.624 AM,,37.28,,132.33,,3157.00,
6/23/2023 5:55:15.874 AM,,38.09,36.60,127.25,-4.10,3146.00,111.57
6/23/2023 5:55:20.420 AM,800.00,,,,,,
6/23/2023 5:55:21.608 AM,,37.22,36.18,119.41,-4.48,3148.00,111.36
6/23/2023 5:55:25.889 AM,,,,,-3.66,,110.41
6/23/2023 5:55:31.561 AM,,,,,,3157.00,
6/23/2023 5:55:41.530 AM,,,36.17,132.69,,,
6/23/2023 5:55:45.811 AM,,,,116.09,,,112.69
6/23/2023 5:55:50.170 AM,803.00,,,,,,
6/23/2023 5:55:51.389 AM,,38.87,36.54,,-4.67,,
6/23/2023 5:56:01.155 AM,,37.61,36.23,120.13,-4.37,3155.00,111.40
6/23/2023 5:56:04.624 AM,804.00,,,,,,
6/23/2023 5:56:05.499 AM,,38.09,36.72,115.53,-4.64,3159.00,110.43
6/23/2023 5:56:11.045 AM,,,,,,3154.00,
6/23/2023 5:56:15.545 AM,,37.31,,,,,
6/23/2023 5:56:21.342 AM,,,,113.41,,,112.53
6/23/2023 5:56:25.655 AM,,,,123.09,,,
6/23/2023 5:56:31.108 AM,,,35.91,,,,
6/23/2023 5:56:34.389 AM,807.00,,,,,,
6/23/2023 5:56:35.467 AM,,,,,,3164.00,
6/23/2023 5:56:41.077 AM,,38.43,,,,,
6/23/2023 5:56:45.374 AM,,38.40,36.30,118.61,-3.59,,111.27
6/23/2023 5:56:49.952 AM,808.00,,,,,,
6/23/2023 5:56:51.170 AM,,37.98,36.23,125.49,-4.06,3163.00,112.44
6/23/2023 5:56:55.358 AM,,,36.72,,-4.48,,
6/23/2023 5:57:01.061 AM,,38.73,,125.73,-3.60,3169.00,
6/23/2023 5:57:05.420 AM,,,,,,3158.00,
6/23/2023 5:57:11.139 AM,,,36.03,,,,
6/23/2023 5:57:20.124 AM,811.00,,,,,,
6/23/2023 5:57:24.780 AM,810.00,,,,,,
6/23/2023 5:57:25.717 AM,,38.31,36.20,115.89,-4.13,3166.00,110.10
6/23/2023 5:57:30.124 AM,811.00,,,,,,
6/23/2023 5:57:31.389 AM,,38.49,36.47,114.89,-4.01,3168.00,111.06
6/23/2023 5:57:35.655 AM,,,,,-4.23,3170.00,110.11
6/23/2023 5:57:41.249 AM,,39.05,,,-3.89,,112.53
6/23/2023 5:57:45.655 AM,,,,,,3157.00,
6/23/2023 5:58:05.686 AM,,,37.22,128.93,,,
6/23/2023 5:58:09.795 AM,814.00,,,,,,
6/23/2023 5:58:11.155 AM,,38.55,37.11,123.17,-4.21,3163.00,111.48
6/23/2023 5:58:15.670 AM,,38.22,36.81,122.69,-3.67,3155.00,111.07
6/23/2023 5:58:19.967 AM,815.00,,,,,,
6/23/2023 5:58:21.264 AM,,37.89,36.60,,-4.65,,111.72
6/23/2023 5:58:25.764 AM,,,,138.01,,,109.75
6/23/2023 5:58:30.155 AM,814.00,,,,,,
6/23/2023 5:58:31.499 AM,,,37.07,,,3160.00,
6/23/2023 5:58:46.280 AM,,39.00,,,,,
6/23/2023 5:58:50.202 AM,817.00,,,,,,
6/23/2023 5:58:51.452 AM,,38.52,36.78,114.41,-3.75,3148.00,110.20
6/23/2023 5:58:55.905 AM,,38.42,36.86,128.69,-3.87,3146.00,111.37
6/23/2023 5:59:00.202 AM,816.00,,,,,,
6/23/2023 5:59:01.530 AM,,,37.26,,,3153.00,
6/23/2023 5:59:11.499 AM,,37.64,36.26,,,3142.00,
6/23/2023 5:59:21.592 AM,,,,,-3.50,,
6/23/2023 5:59:26.170 AM,,,,119.93,,,
6/23/2023 5:59:30.499 AM,819.00,,,,,,
6/23/2023 5:59:31.795 AM,,,,,-4.57,3143.00,111.82
6/23/2023 5:59:36.280 AM,,38.81,36.68,126.49,,,110.13
6/23/2023 5:59:41.670 AM,,38.85,36.63,125.97,-4.56,3148.00,110.16
6/23/2023 5:59:46.436 AM,,,,117.33,,,
6/23/2023 5:59:51.842 AM,,38.42,36.48,,-2.87,3149.00,
6/23/2023 5:59:56.483 AM,,,,128.17,,,
6/23/2023 6:00:00.608 AM,820.00,,,,,,
6/23/2023 6:00:01.905 AM,,,,,,,111.57
6/23/2023 6:00:11.999 AM,,38.88,37.19,,,,
6/23/2023 6:00:15.592 AM,821.00,,,,,,
6/23/2023 6:00:16.639 AM,,38.81,36.56,128.01,-4.35,3135.00,111.30
6/23/2023 6:00:20.967 AM,820.00,,,,,,
6/23/2023 6:00:22.342 AM,,38.24,36.60,118.29,-4.52,3137.00,110.49
6/23/2023 6:00:25.811 AM,822.00,,,,,,
6/23/2023 6:00:32.389 AM,,,,127.69,,,
6/23/2023 6:00:36.999 AM,,,,,-3.71,,
6/23/2023 6:00:42.436 AM,,,,,,,110.11
6/23/2023 6:00:47.249 AM,,39.60,37.64,,,,
6/23/2023 6:00:51.420 AM,823.00,,,,,,
6/23/2023 6:00:52.795 AM,,,,,,3149.00,
6/23/2023 6:00:57.342 AM,,,,,,,111.75
6/23/2023 6:01:01.467 AM,822.00,,,,,,
6/23/2023 6:01:02.702 AM,,38.88,37.41,123.77,-4.18,3138.00,111.03
6/23/2023 6:01:06.061 AM,824.00,,,,,,
6/23/2023 6:01:07.061 AM,,39.35,37.68,117.05,-4.42,3149.00,111.27
6/23/2023 6:01:17.061 AM,,38.40,,,-4.45,,
6/23/2023 6:01:22.295 AM,,,,129.93,,,
6/23/2023 6:01:26.764 AM,,,37.31,,,,
6/23/2023 6:01:32.280 AM,,,,,,,112.30
6/23/2023 6:01:36.795 AM,,,38.18,116.57,-3.86,,
6/23/2023 6:01:41.124 AM,825.00,,,,,,
6/23/2023 6:01:42.405 AM,,39.41,,,,3142.00,109.83
6/23/2023 6:01:45.811 AM,824.00,,,,,,
6/23/2023 6:01:46.842 AM,,39.00,37.55,117.69,-4.25,3152.00,111.31
6/23/2023 6:01:51.061 AM,826.00,,,,,,
6/23/2023 6:01:52.170 AM,,39.05,37.31,119.93,-4.40,3158.00,112.65
6/23/2023 6:01:56.905 AM,,39.32,,,,3143.00,
6/23/2023 6:02:01.061 AM,825.00,,,,,,
6/23/2023 6:02:02.420 AM,,,37.77,,,,112.89
6/23/2023 6:02:12.499 AM,,38.19,,,,,
6/23/2023 6:02:16.936 AM,,,36.87,114.33,-3.13,,
6/23/2023 6:02:22.467 AM,,,,126.49,,,
6/23/2023 6:02:25.874 AM,827.00,,,,,,
6/23/2023 6:02:26.983 AM,,,36.95,120.53,-3.89,3154.00,111.12
6/23/2023 6:02:31.202 AM,826.00,,,,,,
6/23/2023 6:02:32.530 AM,,38.82,37.35,123.89,-3.85,3151.00,111.48
6/23/2023 6:02:36.124 AM,827.00,,,,,,
6/23/2023 6:02:37.077 AM,,,,,,,110.14
6/23/2023 6:02:42.556 AM,,,,116.37,,3149.00,112.56
6/23/2023 6:02:47.150 AM,,,,,-4.72,,
6/23/2023 6:02:57.072 AM,,,37.13,,,3157.00,
6/23/2023 6:03:07.009 AM,,39.54,37.68,129.81,,,
6/23/2023 6:03:12.728 AM,,39.33,37.35,116.41,-4.04,3153.00,111.54
6/23/2023 6:03:17.165 AM,,38.87,37.17,117.09,-3.67,3149.00,111.48
6/23/2023 6:03:21.306 AM,828.00,,,,,,
6/23/2023 6:03:22.634 AM,,38.61,,,,3160.00,112.48
6/23/2023 6:03:25.962 AM,827.00,,,,,,
6/23/2023 6:03:32.478 AM,,,,134.33,,,110.08
6/23/2023 6:03:42.478 AM,,39.96,37.83,,,,
6/23/2023 6:03:45.837 AM,829.00,,,,,,
6/23/2023 6:03:52.384 AM,,39.29,37.43,122.93,-4.13,,111.90
6/23/2023 6:03:56.978 AM,,39.35,37.74,123.45,-3.82,3155.00,111.07
6/23/2023 6:04:01.119 AM,828.00,,,,,,
6/23/2023 6:04:02.431 AM,,,,118.33,,,
6/23/2023 6:04:06.978 AM,,,,,,3159.00,
6/23/2023 6:04:12.478 AM,,,,,,,111.49
6/23/2023 6:04:16.822 AM,,,38.27,,,,
6/23/2023 6:04:27.056 AM,,38.19,,,,3144.00,110.50
6/23/2023 6:04:31.056 AM,830.00,,,,,,
6/23/2023 6:04:32.369 AM,,,,,-5.06,,
6/23/2023 6:04:36.994 AM,,39.45,37.83,126.49,-4.51,3155.00,111.30
6/23/2023 6:04:42.431 AM,,39.41,37.74,120.89,-3.84,3150.00,111.49
6/23/2023 6:04:52.634 AM,,39.68,,121.61,,,
6/23/2023 6:05:02.619 AM,,,,,-3.22,,
6/23/2023 6:05:07.259 AM,,,38.51,,,3157.00,
6/23/2023 6:05:12.634 AM,,,,113.85,-4.82,3149.00,111.22
6/23/2023 6:05:16.119 AM,831.00,,,,,,
6/23/2023 6:05:17.306 AM,,38.19,37.31,120.81,-4.60,3150.00,112.00
6/23/2023 6:05:22.869 AM,,,37.14,119.77,-4.36,3155.00,111.58
6/23/2023 6:05:27.337 AM,,38.79,,,,,
6/23/2023 6:05:32.869 AM,,38.75,,117.01,-4.87,,
6/23/2023 6:05:36.462 AM,832.00,,,,,,
6/23/2023 6:05:37.509 AM,,,37.05,,,,
6/23/2023 6:05:47.525 AM,,39.41,,,,,112.93
6/23/2023 6:05:57.744 AM,,,,122.29,-3.14,3170.00,
6/23/2023 6:06:03.009 AM,,39.06,37.65,117.85,-4.05,,110.32
6/23/2023 6:06:07.634 AM,,39.29,37.55,121.37,-4.71,3175.00,110.13
6/23/2023 6:06:13.056 AM,,,,116.17,,,
6/23/2023 6:06:16.697 AM,833.00,,,,,,
6/23/2023 6:06:17.587 AM,,,37.92,128.57,,,
6/23/2023 6:06:22.978 AM,,,37.17,,,,
6/23/2023 6:06:27.665 AM,,38.55,,,,3170.00,112.86
6/23/2023 6:06:36.572 AM,834.00,,,,,,
6/23/2023 6:06:43.040 AM,,,,,-3.80,,
6/23/2023 6:06:47.619 AM,,39.66,37.71,119.45,,3173.00,111.34
6/23/2023 6:06:53.040 AM,,39.72,38.01,120.37,-3.67,3174.00,110.07
6/23/2023 6:06:57.712 AM,,,,,-4.40,,
6/23/2023 6:07:03.369 AM,,,37.64,,,,111.94
6/23/2023 6:07:13.150 AM,,,,,,3175.00,
6/23/2023 6:07:17.822 AM,,,,133.65,,,
6/23/2023 6:07:23.290 AM,,38.96,,,,3163.00,
6/23/2023 6:07:26.931 AM,835.00,,,,,,
6/23/2023 6:07:27.962 AM,,39.05,38.58,127.25,-4.00,3166.00,111.49
6/23/2023 6:07:32.197 AM,834.00,,,,,,
6/23/2023 6:07:33.494 AM,,38.96,37.88,119.81,-4.47,3162.00,
6/23/2023 6:07:37.931 AM,,,,,-3.50,,110.31
6/23/2023 6:07:43.353 AM,,,,138.21,,,
6/23/2023 6:07:46.884 AM,836.00,,,,,,
6/23/2023 6:07:47.978 AM,,39.68,38.10,117.25,,,
6/23/2023 6:08:03.400 AM,,,,,,3151.00,
6/23/2023 6:08:13.540 AM,,38.58,37.50,119.93,-4.05,,111.79
6/23/2023 6:08:18.040 AM,,38.55,37.19,117.49,-3.45,3148.00,111.36
6/23/2023 6:08:22.072 AM,837.00,,,,,,
6/23/2023 6:08:27.197 AM,836.00,,,,,,
6/23/2023 6:08:28.322 AM,,,36.99,130.81,,,110.13
6/23/2023 6:08:33.728 AM,,38.46,,,,,111.66
6/23/2023 6:08:38.337 AM,,,37.70,,,,
6/23/2023 6:08:48.228 AM,,,,,-4.45,3135.00,
6/23/2023 6:08:52.634 AM,837.00,,,,,,
6/23/2023 6:08:53.884 AM,,39.50,37.62,124.17,-4.19,3139.00,111.48
6/23/2023 6:08:58.556 AM,,39.87,37.83,120.37,-4.24,,111.27
6/23/2023 6:09:03.884 AM,,,,,,3138.00,111.24
6/23/2023 6:09:08.525 AM,,,,,-4.45,3133.00,
6/23/2023 6:09:12.790 AM,838.00,,,,,,
6/23/2023 6:09:14.134 AM,,,,,,,112.90
6/23/2023 6:09:17.540 AM,837.00,,,,,,
6/23/2023 6:09:18.634 AM,,40.16,,131.25,-3.67,,
6/23/2023 6:09:27.822 AM,838.00,,,,,,
6/23/2023 6:09:29.009 AM,,39.12,37.43,,,3141.00,
6/23/2023 6:09:34.665 AM,,39.84,38.06,119.05,,,
6/23/2023 6:09:39.212 AM,,,37.65,120.01,-4.05,3133.00,111.27
6/23/2023 6:09:44.790 AM,,40.02,37.80,121.49,-4.36,3127.00,109.84
6/23/2023 6:09:48.197 AM,839.00,,,,,,
6/23/2023 6:09:49.337 AM,,,,116.25,,,113.05
6/23/2023 6:09:53.415 AM,838.00,,,,,,
6/23/2023 6:09:54.822 AM,,40.79,,,,,
6/23/2023 6:09:59.353 AM,,,,125.53,,,
6/23/2023 6:10:05.072 AM,,,,,-3.55,3133.00,
6/23/2023 6:10:13.744 AM,839.00,,,,,,
6/23/2023 6:10:15.150 AM,,,38.42,,-4.63,,
6/23/2023 6:10:19.712 AM,,39.54,38.31,121.13,-4.34,3130.00,112.48
6/23/2023 6:10:23.947 AM,838.00,,,,,,
6/23/2023 6:10:25.072 AM,,39.42,38.24,141.65,-4.64,3132.00,112.18
6/23/2023 6:10:29.806 AM,,40.28,38.49,,,,
6/23/2023 6:10:35.290 AM,,39.30,,,,,112.81
6/23/2023 6:10:40.103 AM,,,,,-3.73,,
6/23/2023 6:10:45.556 AM,,,,,,3143.00,
6/23/2023 6:10:49.040 AM,839.00,,,,,,
6/23/2023 6:10:50.119 AM,,,,114.85,,,110.32
6/23/2023 6:11:00.290 AM,,,37.74,,,,
6/23/2023 6:11:05.665 AM,,39.84,38.10,117.21,-4.12,3142.00,111.34
6/23/2023 6:11:09.228 AM,838.00,,,,,,
6/23/2023 6:11:10.290 AM,,39.68,38.01,116.81,-4.10,3139.00,111.99
6/23/2023 6:11:14.228 AM,839.00,,,,,,
6/23/2023 6:11:25.462 AM,,,,136.77,-4.80,,
6/23/2023 6:11:30.056 AM,,38.78,,,,3145.00,111.33
6/23/2023 6:11:35.400 AM,,,,,,3138.00,112.96
6/23/2023 6:11:39.994 AM,,,,112.69,-3.28,,
6/23/2023 6:11:45.540 AM,,39.77,37.31,121.29,-4.33,3144.00,111.43
6/23/2023 6:11:50.322 AM,,39.87,37.44,118.89,-3.89,3142.00,111.07
6/23/2023 6:11:55.837 AM,,,,,-3.20,3141.00,
6/23/2023 6:12:00.353 AM,,,,117.33,,,
6/23/2023 6:12:05.650 AM,,,,,-4.63,,
6/23/2023 6:12:10.103 AM,,,,,,3155.00,
6/23/2023 6:12:15.650 AM,,,37.89,124.13,,,
6/23/2023 6:12:20.150 AM,,39.96,,,,,
6/23/2023 6:12:25.447 AM,,39.42,37.34,,,,112.29
6/23/2023 6:12:30.134 AM,,,37.62,121.61,-4.07,3152.00,111.52
6/23/2023 6:12:35.540 AM,,39.53,37.34,114.17,-3.31,3151.00,110.85
6/23/2023 6:12:44.306 AM,840.00,,,,,,
6/23/2023 6:12:50.369 AM,,40.53,,128.61,-4.69,,
6/23/2023 6:12:54.540 AM,839.00,,,,,,
6/23/2023 6:12:55.853 AM,,,38.01,,,3158.00,
6/23/2023 6:13:04.603 AM,840.00,,,,,,
6/23/2023 6:13:05.853 AM,,,,,,,112.53
6/23/2023 6:13:10.478 AM,,39.75,37.97,120.29,-4.12,3153.00,111.45
6/23/2023 6:13:15.869 AM,,39.60,38.10,120.77,-4.01,3157.00,111.54
6/23/2023 6:13:26.009 AM,,,38.45,131.77,,,112.60
6/23/2023 6:13:30.665 AM,,,,114.01,-3.64,,
6/23/2023 6:13:36.228 AM,,38.96,37.77,,,,
6/23/2023 6:13:40.634 AM,,,,,,3153.00,110.26
6/23/2023 6:13:50.681 AM,,40.01,,,-4.53,3160.00,
6/23/2023 6:13:56.103 AM,,39.92,,122.81,-4.06,,111.00
6/23/2023 6:13:59.525 AM,841.00,,,,,,
6/23/2023 6:14:00.665 AM,,40.43,37.97,123.93,-4.51,3156.00,110.98
6/23/2023 6:14:06.040 AM,,,,126.09,,,112.68
6/23/2023 6:14:10.572 AM,,,,117.93,,,
6/23/2023 6:14:15.978 AM,,,38.46,,,,
6/23/2023 6:14:19.697 AM,840.00,,,,,,
6/23/2023 6:14:25.994 AM,,,36.92,,,3163.00,110.08
6/23/2023 6:14:30.353 AM,,38.46,,,,,
6/23/2023 6:14:39.415 AM,842.00,,,,,,
6/23/2023 6:14:40.572 AM,,38.91,36.96,122.85,-3.52,3158.00,110.20
6/23/2023 6:14:44.681 AM,841.00,,,,,,
6/23/2023 6:14:45.994 AM,,39.09,37.05,120.61,-3.70,3163.00,111.67
6/23/2023 6:14:50.837 AM,,,37.34,115.33,-3.94,,
6/23/2023 6:14:56.275 AM,,39.74,37.07,122.17,-3.62,3153.00,111.37
6/23/2023 6:14:59.634 AM,842.00,,,,,,